path,N,T,iters,alpha,objective
/home/christoforos.eseroglou/Desktop/heuristics/instances/50/test/instance43_nreq50_nveh2_gamma47.txt,50,10,100,0.95,1051.46
/home/christoforos.eseroglou/Desktop/heuristics/instances/50/test/instance43_nreq50_nveh2_gamma47.txt,50,10,100,0.97,1068.55
/home/christoforos.eseroglou/Desktop/heuristics/instances/50/test/instance43_nreq50_nveh2_gamma47.txt,50,10,100,0.99,1185.08
/home/christoforos.eseroglou/Desktop/heuristics/instances/50/test/instance43_nreq50_nveh2_gamma47.txt,50,50,100,0.95,1074.58
/home/christoforos.eseroglou/Desktop/heuristics/instances/50/test/instance43_nreq50_nveh2_gamma47.txt,50,50,100,0.97,1113.77
/home/christoforos.eseroglou/Desktop/heuristics/instances/50/test/instance43_nreq50_nveh2_gamma47.txt,50,50,100,0.99,1094.68
/home/christoforos.eseroglou/Desktop/heuristics/instances/50/test/instance43_nreq50_nveh2_gamma47.txt,50,100,100,0.95,1212.19
/home/christoforos.eseroglou/Desktop/heuristics/instances/50/test/instance43_nreq50_nveh2_gamma47.txt,50,100,100,0.97,964.954
/home/christoforos.eseroglou/Desktop/heuristics/instances/50/test/instance43_nreq50_nveh2_gamma47.txt,50,100,100,0.99,1185.08
/home/christoforos.eseroglou/Desktop/heuristics/instances/50/test/instance34_nreq50_nveh2_gamma47.txt,50,10,100,0.95,1251.36
/home/christoforos.eseroglou/Desktop/heuristics/instances/50/test/instance34_nreq50_nveh2_gamma47.txt,50,10,100,0.97,1080.13
/home/christoforos.eseroglou/Desktop/heuristics/instances/50/test/instance34_nreq50_nveh2_gamma47.txt,50,10,100,0.99,1170.83
/home/christoforos.eseroglou/Desktop/heuristics/instances/50/test/instance34_nreq50_nveh2_gamma47.txt,50,50,100,0.95,1180.9
/home/christoforos.eseroglou/Desktop/heuristics/instances/50/test/instance34_nreq50_nveh2_gamma47.txt,50,50,100,0.97,1171.84
/home/christoforos.eseroglou/Desktop/heuristics/instances/50/test/instance34_nreq50_nveh2_gamma47.txt,50,50,100,0.99,1192.99
/home/christoforos.eseroglou/Desktop/heuristics/instances/50/test/instance34_nreq50_nveh2_gamma47.txt,50,100,100,0.95,1147.67
/home/christoforos.eseroglou/Desktop/heuristics/instances/50/test/instance34_nreq50_nveh2_gamma47.txt,50,100,100,0.97,1198.02
/home/christoforos.eseroglou/Desktop/heuristics/instances/50/test/instance34_nreq50_nveh2_gamma47.txt,50,100,100,0.99,1152.7
/home/christoforos.eseroglou/Desktop/heuristics/instances/50/test/instance56_nreq50_nveh2_gamma43.txt,50,10,100,0.95,1086.14
/home/christoforos.eseroglou/Desktop/heuristics/instances/50/test/instance56_nreq50_nveh2_gamma43.txt,50,10,100,0.97,1129.48
/home/christoforos.eseroglou/Desktop/heuristics/instances/50/test/instance56_nreq50_nveh2_gamma43.txt,50,10,100,0.99,1081.1
/home/christoforos.eseroglou/Desktop/heuristics/instances/50/test/instance56_nreq50_nveh2_gamma43.txt,50,50,100,0.95,1177.83
/home/christoforos.eseroglou/Desktop/heuristics/instances/50/test/instance56_nreq50_nveh2_gamma43.txt,50,50,100,0.97,1161.72
/home/christoforos.eseroglou/Desktop/heuristics/instances/50/test/instance56_nreq50_nveh2_gamma43.txt,50,50,100,0.99,1099.25
/home/christoforos.eseroglou/Desktop/heuristics/instances/50/test/instance56_nreq50_nveh2_gamma43.txt,50,100,100,0.95,1162.73
/home/christoforos.eseroglou/Desktop/heuristics/instances/50/test/instance56_nreq50_nveh2_gamma43.txt,50,100,100,0.97,1072.03
/home/christoforos.eseroglou/Desktop/heuristics/instances/50/test/instance56_nreq50_nveh2_gamma43.txt,50,100,100,0.99,1133.51
/home/christoforos.eseroglou/Desktop/heuristics/instances/50/test/instance60_nreq50_nveh2_gamma45.txt,50,10,100,0.95,1170.21
/home/christoforos.eseroglou/Desktop/heuristics/instances/50/test/instance60_nreq50_nveh2_gamma45.txt,50,10,100,0.97,1191.26
/home/christoforos.eseroglou/Desktop/heuristics/instances/50/test/instance60_nreq50_nveh2_gamma45.txt,50,10,100,0.99,1121.07
/home/christoforos.eseroglou/Desktop/heuristics/instances/50/test/instance60_nreq50_nveh2_gamma45.txt,50,50,100,0.95,1173.21
/home/christoforos.eseroglou/Desktop/heuristics/instances/50/test/instance60_nreq50_nveh2_gamma45.txt,50,50,100,0.97,1161.18
/home/christoforos.eseroglou/Desktop/heuristics/instances/50/test/instance60_nreq50_nveh2_gamma45.txt,50,50,100,0.99,1187.25
/home/christoforos.eseroglou/Desktop/heuristics/instances/50/test/instance60_nreq50_nveh2_gamma45.txt,50,100,100,0.95,1187.25
/home/christoforos.eseroglou/Desktop/heuristics/instances/50/test/instance60_nreq50_nveh2_gamma45.txt,50,100,100,0.97,1114.05
/home/christoforos.eseroglou/Desktop/heuristics/instances/50/test/instance60_nreq50_nveh2_gamma45.txt,50,100,100,0.99,1205.3
/home/christoforos.eseroglou/Desktop/heuristics/instances/50/test/instance47_nreq50_nveh2_gamma42.txt,50,10,100,0.95,1022.62
/home/christoforos.eseroglou/Desktop/heuristics/instances/50/test/instance47_nreq50_nveh2_gamma42.txt,50,10,100,0.97,1054.73
/home/christoforos.eseroglou/Desktop/heuristics/instances/50/test/instance47_nreq50_nveh2_gamma42.txt,50,10,100,0.99,939.311
/home/christoforos.eseroglou/Desktop/heuristics/instances/50/test/instance47_nreq50_nveh2_gamma42.txt,50,50,100,0.95,925.252
/home/christoforos.eseroglou/Desktop/heuristics/instances/50/test/instance47_nreq50_nveh2_gamma42.txt,50,50,100,0.97,1016.6
/home/christoforos.eseroglou/Desktop/heuristics/instances/50/test/instance47_nreq50_nveh2_gamma42.txt,50,50,100,0.99,1078.81
/home/christoforos.eseroglou/Desktop/heuristics/instances/50/test/instance47_nreq50_nveh2_gamma42.txt,50,100,100,0.95,971.439
/home/christoforos.eseroglou/Desktop/heuristics/instances/50/test/instance47_nreq50_nveh2_gamma42.txt,50,100,100,0.97,967.423
/home/christoforos.eseroglou/Desktop/heuristics/instances/50/test/instance47_nreq50_nveh2_gamma42.txt,50,100,100,0.99,957.384
/home/christoforos.eseroglou/Desktop/heuristics/instances/50/test/instance41_nreq50_nveh2_gamma45.txt,50,10,100,0.95,1092.07
/home/christoforos.eseroglou/Desktop/heuristics/instances/50/test/instance41_nreq50_nveh2_gamma45.txt,50,10,100,0.97,1021.94
/home/christoforos.eseroglou/Desktop/heuristics/instances/50/test/instance41_nreq50_nveh2_gamma45.txt,50,10,100,0.99,1071.03
/home/christoforos.eseroglou/Desktop/heuristics/instances/50/test/instance41_nreq50_nveh2_gamma45.txt,50,50,100,0.95,940.764
/home/christoforos.eseroglou/Desktop/heuristics/instances/50/test/instance41_nreq50_nveh2_gamma45.txt,50,50,100,0.97,1016.93
/home/christoforos.eseroglou/Desktop/heuristics/instances/50/test/instance41_nreq50_nveh2_gamma45.txt,50,50,100,0.99,997.892
/home/christoforos.eseroglou/Desktop/heuristics/instances/50/test/instance41_nreq50_nveh2_gamma45.txt,50,100,100,0.95,972.838
/home/christoforos.eseroglou/Desktop/heuristics/instances/50/test/instance41_nreq50_nveh2_gamma45.txt,50,100,100,0.97,1051
/home/christoforos.eseroglou/Desktop/heuristics/instances/50/test/instance41_nreq50_nveh2_gamma45.txt,50,100,100,0.99,1004.91
/home/christoforos.eseroglou/Desktop/heuristics/instances/50/test/instance48_nreq50_nveh2_gamma42.txt,50,10,100,0.95,1021.33
/home/christoforos.eseroglou/Desktop/heuristics/instances/50/test/instance48_nreq50_nveh2_gamma42.txt,50,10,100,0.97,1041.42
/home/christoforos.eseroglou/Desktop/heuristics/instances/50/test/instance48_nreq50_nveh2_gamma42.txt,50,10,100,0.99,916.771
/home/christoforos.eseroglou/Desktop/heuristics/instances/50/test/instance48_nreq50_nveh2_gamma42.txt,50,50,100,0.95,1105.69
/home/christoforos.eseroglou/Desktop/heuristics/instances/50/test/instance48_nreq50_nveh2_gamma42.txt,50,50,100,0.97,1026.35
/home/christoforos.eseroglou/Desktop/heuristics/instances/50/test/instance48_nreq50_nveh2_gamma42.txt,50,50,100,0.99,1063.52
/home/christoforos.eseroglou/Desktop/heuristics/instances/50/test/instance48_nreq50_nveh2_gamma42.txt,50,100,100,0.95,1055.48
/home/christoforos.eseroglou/Desktop/heuristics/instances/50/test/instance48_nreq50_nveh2_gamma42.txt,50,100,100,0.97,1011.28
/home/christoforos.eseroglou/Desktop/heuristics/instances/50/test/instance48_nreq50_nveh2_gamma42.txt,50,100,100,0.99,1075.57
/home/christoforos.eseroglou/Desktop/heuristics/instances/50/test/instance58_nreq50_nveh2_gamma45.txt,50,10,100,0.95,1100.35
/home/christoforos.eseroglou/Desktop/heuristics/instances/50/test/instance58_nreq50_nveh2_gamma45.txt,50,10,100,0.97,1005.08
/home/christoforos.eseroglou/Desktop/heuristics/instances/50/test/instance58_nreq50_nveh2_gamma45.txt,50,10,100,0.99,1028.15
/home/christoforos.eseroglou/Desktop/heuristics/instances/50/test/instance58_nreq50_nveh2_gamma45.txt,50,50,100,0.95,1003.07
/home/christoforos.eseroglou/Desktop/heuristics/instances/50/test/instance58_nreq50_nveh2_gamma45.txt,50,50,100,0.97,1097.34
/home/christoforos.eseroglou/Desktop/heuristics/instances/50/test/instance58_nreq50_nveh2_gamma45.txt,50,50,100,0.99,1071.27
/home/christoforos.eseroglou/Desktop/heuristics/instances/50/test/instance58_nreq50_nveh2_gamma45.txt,50,100,100,0.95,975.982
/home/christoforos.eseroglou/Desktop/heuristics/instances/50/test/instance58_nreq50_nveh2_gamma45.txt,50,100,100,0.97,1025.14
/home/christoforos.eseroglou/Desktop/heuristics/instances/50/test/instance58_nreq50_nveh2_gamma45.txt,50,100,100,0.99,1031.16
/home/christoforos.eseroglou/Desktop/heuristics/instances/50/test/instance52_nreq50_nveh2_gamma44.txt,50,10,100,0.95,1101.35
/home/christoforos.eseroglou/Desktop/heuristics/instances/50/test/instance52_nreq50_nveh2_gamma44.txt,50,10,100,0.97,1116.44
/home/christoforos.eseroglou/Desktop/heuristics/instances/50/test/instance52_nreq50_nveh2_gamma44.txt,50,10,100,0.99,1065.14
/home/christoforos.eseroglou/Desktop/heuristics/instances/50/test/instance52_nreq50_nveh2_gamma44.txt,50,50,100,0.95,1162.19
/home/christoforos.eseroglou/Desktop/heuristics/instances/50/test/instance52_nreq50_nveh2_gamma44.txt,50,50,100,0.97,1093.31
/home/christoforos.eseroglou/Desktop/heuristics/instances/50/test/instance52_nreq50_nveh2_gamma44.txt,50,50,100,0.99,1098.33
/home/christoforos.eseroglou/Desktop/heuristics/instances/50/test/instance52_nreq50_nveh2_gamma44.txt,50,100,100,0.95,1075.67
/home/christoforos.eseroglou/Desktop/heuristics/instances/50/test/instance52_nreq50_nveh2_gamma44.txt,50,100,100,0.97,1068.16
/home/christoforos.eseroglou/Desktop/heuristics/instances/50/test/instance52_nreq50_nveh2_gamma44.txt,50,100,100,0.99,1082.72
/home/christoforos.eseroglou/Desktop/heuristics/instances/50/test/instance45_nreq50_nveh2_gamma42.txt,50,10,100,0.95,979.388
/home/christoforos.eseroglou/Desktop/heuristics/instances/50/test/instance45_nreq50_nveh2_gamma42.txt,50,10,100,0.97,959.347
/home/christoforos.eseroglou/Desktop/heuristics/instances/50/test/instance45_nreq50_nveh2_gamma42.txt,50,10,100,0.99,949.326
/home/christoforos.eseroglou/Desktop/heuristics/instances/50/test/instance45_nreq50_nveh2_gamma42.txt,50,50,100,0.95,989.408
/home/christoforos.eseroglou/Desktop/heuristics/instances/50/test/instance45_nreq50_nveh2_gamma42.txt,50,50,100,0.97,967.364
/home/christoforos.eseroglou/Desktop/heuristics/instances/50/test/instance45_nreq50_nveh2_gamma42.txt,50,50,100,0.99,999.428
/home/christoforos.eseroglou/Desktop/heuristics/instances/50/test/instance45_nreq50_nveh2_gamma42.txt,50,100,100,0.95,928.279
/home/christoforos.eseroglou/Desktop/heuristics/instances/50/test/instance45_nreq50_nveh2_gamma42.txt,50,100,100,0.97,1005.44
/home/christoforos.eseroglou/Desktop/heuristics/instances/50/test/instance45_nreq50_nveh2_gamma42.txt,50,100,100,0.99,1033.49
/home/christoforos.eseroglou/Desktop/heuristics/instances/100/test/instance54_nreq100_nveh2_gamma85.txt,100,10,100,0.95,2908.85
/home/christoforos.eseroglou/Desktop/heuristics/instances/100/test/instance54_nreq100_nveh2_gamma85.txt,100,10,100,0.97,2759.69
/home/christoforos.eseroglou/Desktop/heuristics/instances/100/test/instance54_nreq100_nveh2_gamma85.txt,100,10,100,0.99,2856.8
/home/christoforos.eseroglou/Desktop/heuristics/instances/100/test/instance54_nreq100_nveh2_gamma85.txt,100,50,100,0.95,2911.86
/home/christoforos.eseroglou/Desktop/heuristics/instances/100/test/instance54_nreq100_nveh2_gamma85.txt,100,50,100,0.97,2860.8
/home/christoforos.eseroglou/Desktop/heuristics/instances/100/test/instance54_nreq100_nveh2_gamma85.txt,100,50,100,0.99,2864.81
/home/christoforos.eseroglou/Desktop/heuristics/instances/100/test/instance54_nreq100_nveh2_gamma85.txt,100,100,100,0.95,2747.68
/home/christoforos.eseroglou/Desktop/heuristics/instances/100/test/instance54_nreq100_nveh2_gamma85.txt,100,100,100,0.97,2825.76
/home/christoforos.eseroglou/Desktop/heuristics/instances/100/test/instance54_nreq100_nveh2_gamma85.txt,100,100,100,0.99,3732.51
/home/christoforos.eseroglou/Desktop/heuristics/instances/100/test/instance52_nreq100_nveh2_gamma89.txt,100,10,100,0.95,2731.58
/home/christoforos.eseroglou/Desktop/heuristics/instances/100/test/instance52_nreq100_nveh2_gamma89.txt,100,10,100,0.97,2872.66
/home/christoforos.eseroglou/Desktop/heuristics/instances/100/test/instance52_nreq100_nveh2_gamma89.txt,100,10,100,0.99,2833.64
/home/christoforos.eseroglou/Desktop/heuristics/instances/100/test/instance52_nreq100_nveh2_gamma89.txt,100,50,100,0.95,2845.64
/home/christoforos.eseroglou/Desktop/heuristics/instances/100/test/instance52_nreq100_nveh2_gamma89.txt,100,50,100,0.97,3570.95
/home/christoforos.eseroglou/Desktop/heuristics/instances/100/test/instance52_nreq100_nveh2_gamma89.txt,100,50,100,0.99,2865.65
/home/christoforos.eseroglou/Desktop/heuristics/instances/100/test/instance52_nreq100_nveh2_gamma89.txt,100,100,100,0.95,2711.57
/home/christoforos.eseroglou/Desktop/heuristics/instances/100/test/instance52_nreq100_nveh2_gamma89.txt,100,100,100,0.97,2731.58
/home/christoforos.eseroglou/Desktop/heuristics/instances/100/test/instance52_nreq100_nveh2_gamma89.txt,100,100,100,0.99,3570.95
/home/christoforos.eseroglou/Desktop/heuristics/instances/100/test/instance34_nreq100_nveh2_gamma87.txt,100,10,100,0.95,3507.24
/home/christoforos.eseroglou/Desktop/heuristics/instances/100/test/instance34_nreq100_nveh2_gamma87.txt,100,10,100,0.97,3507.24
/home/christoforos.eseroglou/Desktop/heuristics/instances/100/test/instance34_nreq100_nveh2_gamma87.txt,100,10,100,0.99,3507.24
/home/christoforos.eseroglou/Desktop/heuristics/instances/100/test/instance34_nreq100_nveh2_gamma87.txt,100,50,100,0.95,3507.24
/home/christoforos.eseroglou/Desktop/heuristics/instances/100/test/instance34_nreq100_nveh2_gamma87.txt,100,50,100,0.97,2726.8
/home/christoforos.eseroglou/Desktop/heuristics/instances/100/test/instance34_nreq100_nveh2_gamma87.txt,100,50,100,0.99,3507.24
/home/christoforos.eseroglou/Desktop/heuristics/instances/100/test/instance34_nreq100_nveh2_gamma87.txt,100,100,100,0.95,3507.24
/home/christoforos.eseroglou/Desktop/heuristics/instances/100/test/instance34_nreq100_nveh2_gamma87.txt,100,100,100,0.97,3507.24
/home/christoforos.eseroglou/Desktop/heuristics/instances/100/test/instance34_nreq100_nveh2_gamma87.txt,100,100,100,0.99,3507.24
/home/christoforos.eseroglou/Desktop/heuristics/instances/100/test/instance45_nreq100_nveh2_gamma94.txt,100,10,100,0.95,3440.22
/home/christoforos.eseroglou/Desktop/heuristics/instances/100/test/instance45_nreq100_nveh2_gamma94.txt,100,10,100,0.97,4233.72
/home/christoforos.eseroglou/Desktop/heuristics/instances/100/test/instance45_nreq100_nveh2_gamma94.txt,100,10,100,0.99,3313.12
/home/christoforos.eseroglou/Desktop/heuristics/instances/100/test/instance45_nreq100_nveh2_gamma94.txt,100,50,100,0.95,3216.03
/home/christoforos.eseroglou/Desktop/heuristics/instances/100/test/instance45_nreq100_nveh2_gamma94.txt,100,50,100,0.97,4233.72
/home/christoforos.eseroglou/Desktop/heuristics/instances/100/test/instance45_nreq100_nveh2_gamma94.txt,100,50,100,0.99,4233.72
/home/christoforos.eseroglou/Desktop/heuristics/instances/100/test/instance45_nreq100_nveh2_gamma94.txt,100,100,100,0.95,3181
/home/christoforos.eseroglou/Desktop/heuristics/instances/100/test/instance45_nreq100_nveh2_gamma94.txt,100,100,100,0.97,3304.11
/home/christoforos.eseroglou/Desktop/heuristics/instances/100/test/instance45_nreq100_nveh2_gamma94.txt,100,100,100,0.99,3246.06
/home/christoforos.eseroglou/Desktop/heuristics/instances/100/test/instance57_nreq100_nveh2_gamma91.txt,100,10,100,0.95,2985.3
/home/christoforos.eseroglou/Desktop/heuristics/instances/100/test/instance57_nreq100_nveh2_gamma91.txt,100,10,100,0.97,3876.7
/home/christoforos.eseroglou/Desktop/heuristics/instances/100/test/instance57_nreq100_nveh2_gamma91.txt,100,10,100,0.99,3876.7
/home/christoforos.eseroglou/Desktop/heuristics/instances/100/test/instance57_nreq100_nveh2_gamma91.txt,100,50,100,0.95,3876.7
/home/christoforos.eseroglou/Desktop/heuristics/instances/100/test/instance57_nreq100_nveh2_gamma91.txt,100,50,100,0.97,2883.23
/home/christoforos.eseroglou/Desktop/heuristics/instances/100/test/instance57_nreq100_nveh2_gamma91.txt,100,50,100,0.99,3064.34
/home/christoforos.eseroglou/Desktop/heuristics/instances/100/test/instance57_nreq100_nveh2_gamma91.txt,100,100,100,0.95,3876.7
/home/christoforos.eseroglou/Desktop/heuristics/instances/100/test/instance57_nreq100_nveh2_gamma91.txt,100,100,100,0.97,3876.7
/home/christoforos.eseroglou/Desktop/heuristics/instances/100/test/instance57_nreq100_nveh2_gamma91.txt,100,100,100,0.99,3120.37
/home/christoforos.eseroglou/Desktop/heuristics/instances/100/test/instance44_nreq100_nveh2_gamma89.txt,100,10,100,0.95,4182.11
/home/christoforos.eseroglou/Desktop/heuristics/instances/100/test/instance44_nreq100_nveh2_gamma89.txt,100,10,100,0.97,4182.11
/home/christoforos.eseroglou/Desktop/heuristics/instances/100/test/instance44_nreq100_nveh2_gamma89.txt,100,10,100,0.99,4182.11
/home/christoforos.eseroglou/Desktop/heuristics/instances/100/test/instance44_nreq100_nveh2_gamma89.txt,100,50,100,0.95,4182.11
/home/christoforos.eseroglou/Desktop/heuristics/instances/100/test/instance44_nreq100_nveh2_gamma89.txt,100,50,100,0.97,3202.54
/home/christoforos.eseroglou/Desktop/heuristics/instances/100/test/instance44_nreq100_nveh2_gamma89.txt,100,50,100,0.99,3220.56
/home/christoforos.eseroglou/Desktop/heuristics/instances/100/test/instance44_nreq100_nveh2_gamma89.txt,100,100,100,0.95,3144.5
/home/christoforos.eseroglou/Desktop/heuristics/instances/100/test/instance44_nreq100_nveh2_gamma89.txt,100,100,100,0.97,4182.11
/home/christoforos.eseroglou/Desktop/heuristics/instances/100/test/instance44_nreq100_nveh2_gamma89.txt,100,100,100,0.99,3143.5
/home/christoforos.eseroglou/Desktop/heuristics/instances/100/test/instance55_nreq100_nveh2_gamma88.txt,100,10,100,0.95,3056.36
/home/christoforos.eseroglou/Desktop/heuristics/instances/100/test/instance55_nreq100_nveh2_gamma88.txt,100,10,100,0.97,2684.46
/home/christoforos.eseroglou/Desktop/heuristics/instances/100/test/instance55_nreq100_nveh2_gamma88.txt,100,10,100,0.99,2804.78
/home/christoforos.eseroglou/Desktop/heuristics/instances/100/test/instance55_nreq100_nveh2_gamma88.txt,100,50,100,0.95,2698.5
/home/christoforos.eseroglou/Desktop/heuristics/instances/100/test/instance55_nreq100_nveh2_gamma88.txt,100,50,100,0.97,3473.13
/home/christoforos.eseroglou/Desktop/heuristics/instances/100/test/instance55_nreq100_nveh2_gamma88.txt,100,50,100,0.99,2765.68
/home/christoforos.eseroglou/Desktop/heuristics/instances/100/test/instance55_nreq100_nveh2_gamma88.txt,100,100,100,0.95,3473.13
/home/christoforos.eseroglou/Desktop/heuristics/instances/100/test/instance55_nreq100_nveh2_gamma88.txt,100,100,100,0.97,2648.36
/home/christoforos.eseroglou/Desktop/heuristics/instances/100/test/instance55_nreq100_nveh2_gamma88.txt,100,100,100,0.99,2688.47
/home/christoforos.eseroglou/Desktop/heuristics/instances/100/test/instance58_nreq100_nveh2_gamma91.txt,100,10,100,0.95,4423.47
/home/christoforos.eseroglou/Desktop/heuristics/instances/100/test/instance58_nreq100_nveh2_gamma91.txt,100,10,100,0.97,3473.85
/home/christoforos.eseroglou/Desktop/heuristics/instances/100/test/instance58_nreq100_nveh2_gamma91.txt,100,10,100,0.99,3425.81
/home/christoforos.eseroglou/Desktop/heuristics/instances/100/test/instance58_nreq100_nveh2_gamma91.txt,100,50,100,0.95,3488.84
/home/christoforos.eseroglou/Desktop/heuristics/instances/100/test/instance58_nreq100_nveh2_gamma91.txt,100,50,100,0.97,3426.78
/home/christoforos.eseroglou/Desktop/heuristics/instances/100/test/instance58_nreq100_nveh2_gamma91.txt,100,50,100,0.99,3336.7
/home/christoforos.eseroglou/Desktop/heuristics/instances/100/test/instance58_nreq100_nveh2_gamma91.txt,100,100,100,0.95,3379.74
/home/christoforos.eseroglou/Desktop/heuristics/instances/100/test/instance58_nreq100_nveh2_gamma91.txt,100,100,100,0.97,3449.83
/home/christoforos.eseroglou/Desktop/heuristics/instances/100/test/instance58_nreq100_nveh2_gamma91.txt,100,100,100,0.99,3547.91
/home/christoforos.eseroglou/Desktop/heuristics/instances/100/test/instance50_nreq100_nveh2_gamma91.txt,100,10,100,0.95,3881.85
/home/christoforos.eseroglou/Desktop/heuristics/instances/100/test/instance50_nreq100_nveh2_gamma91.txt,100,10,100,0.97,3881.85
/home/christoforos.eseroglou/Desktop/heuristics/instances/100/test/instance50_nreq100_nveh2_gamma91.txt,100,10,100,0.99,3011.31
/home/christoforos.eseroglou/Desktop/heuristics/instances/100/test/instance50_nreq100_nveh2_gamma91.txt,100,50,100,0.95,3881.85
/home/christoforos.eseroglou/Desktop/heuristics/instances/100/test/instance50_nreq100_nveh2_gamma91.txt,100,50,100,0.97,3047.34
/home/christoforos.eseroglou/Desktop/heuristics/instances/100/test/instance50_nreq100_nveh2_gamma91.txt,100,50,100,0.99,3881.85
/home/christoforos.eseroglou/Desktop/heuristics/instances/100/test/instance50_nreq100_nveh2_gamma91.txt,100,100,100,0.95,3082.37
/home/christoforos.eseroglou/Desktop/heuristics/instances/100/test/instance50_nreq100_nveh2_gamma91.txt,100,100,100,0.97,2986.29
/home/christoforos.eseroglou/Desktop/heuristics/instances/100/test/instance50_nreq100_nveh2_gamma91.txt,100,100,100,0.99,3004.3
/home/christoforos.eseroglou/Desktop/heuristics/instances/100/test/instance49_nreq100_nveh2_gamma87.txt,100,10,100,0.95,3094.99
/home/christoforos.eseroglou/Desktop/heuristics/instances/100/test/instance49_nreq100_nveh2_gamma87.txt,100,10,100,0.97,3010.83
/home/christoforos.eseroglou/Desktop/heuristics/instances/100/test/instance49_nreq100_nveh2_gamma87.txt,100,10,100,0.99,2969.75
/home/christoforos.eseroglou/Desktop/heuristics/instances/100/test/instance49_nreq100_nveh2_gamma87.txt,100,50,100,0.95,3195.16
/home/christoforos.eseroglou/Desktop/heuristics/instances/100/test/instance49_nreq100_nveh2_gamma87.txt,100,50,100,0.97,3094.99
/home/christoforos.eseroglou/Desktop/heuristics/instances/100/test/instance49_nreq100_nveh2_gamma87.txt,100,50,100,0.99,3136.06
/home/christoforos.eseroglou/Desktop/heuristics/instances/100/test/instance49_nreq100_nveh2_gamma87.txt,100,100,100,0.95,3032.87
/home/christoforos.eseroglou/Desktop/heuristics/instances/100/test/instance49_nreq100_nveh2_gamma87.txt,100,100,100,0.97,3090.98
/home/christoforos.eseroglou/Desktop/heuristics/instances/100/test/instance49_nreq100_nveh2_gamma87.txt,100,100,100,0.99,3096.99
/home/christoforos.eseroglou/Desktop/heuristics/instances/200/test/instance34_nreq200_nveh4_gamma184.txt,200,10,100,0.95,10123.1
/home/christoforos.eseroglou/Desktop/heuristics/instances/200/test/instance34_nreq200_nveh4_gamma184.txt,200,10,100,0.97,10207.5
/home/christoforos.eseroglou/Desktop/heuristics/instances/200/test/instance34_nreq200_nveh4_gamma184.txt,200,10,100,0.99,11545.1
/home/christoforos.eseroglou/Desktop/heuristics/instances/200/test/instance34_nreq200_nveh4_gamma184.txt,200,50,100,0.95,9960.38
/home/christoforos.eseroglou/Desktop/heuristics/instances/200/test/instance34_nreq200_nveh4_gamma184.txt,200,50,100,0.97,10173.6
/home/christoforos.eseroglou/Desktop/heuristics/instances/200/test/instance34_nreq200_nveh4_gamma184.txt,200,50,100,0.99,10114.3
/home/christoforos.eseroglou/Desktop/heuristics/instances/200/test/instance34_nreq200_nveh4_gamma184.txt,200,100,100,0.95,10169.8
/home/christoforos.eseroglou/Desktop/heuristics/instances/200/test/instance34_nreq200_nveh4_gamma184.txt,200,100,100,0.97,11545.1
/home/christoforos.eseroglou/Desktop/heuristics/instances/200/test/instance34_nreq200_nveh4_gamma184.txt,200,100,100,0.99,11542.2
/home/christoforos.eseroglou/Desktop/heuristics/instances/200/test/instance45_nreq200_nveh4_gamma180.txt,200,10,100,0.95,9561.01
/home/christoforos.eseroglou/Desktop/heuristics/instances/200/test/instance45_nreq200_nveh4_gamma180.txt,200,10,100,0.97,9541.2
/home/christoforos.eseroglou/Desktop/heuristics/instances/200/test/instance45_nreq200_nveh4_gamma180.txt,200,10,100,0.99,9499.82
/home/christoforos.eseroglou/Desktop/heuristics/instances/200/test/instance45_nreq200_nveh4_gamma180.txt,200,50,100,0.95,10867.5
/home/christoforos.eseroglou/Desktop/heuristics/instances/200/test/instance45_nreq200_nveh4_gamma180.txt,200,50,100,0.97,9530.16
/home/christoforos.eseroglou/Desktop/heuristics/instances/200/test/instance45_nreq200_nveh4_gamma180.txt,200,50,100,0.99,9390
/home/christoforos.eseroglou/Desktop/heuristics/instances/200/test/instance45_nreq200_nveh4_gamma180.txt,200,100,100,0.95,9313.83
/home/christoforos.eseroglou/Desktop/heuristics/instances/200/test/instance45_nreq200_nveh4_gamma180.txt,200,100,100,0.97,9540.95
/home/christoforos.eseroglou/Desktop/heuristics/instances/200/test/instance45_nreq200_nveh4_gamma180.txt,200,100,100,0.99,9328
/home/christoforos.eseroglou/Desktop/heuristics/instances/200/test/instance58_nreq200_nveh4_gamma187.txt,200,10,100,0.95,10220.8
/home/christoforos.eseroglou/Desktop/heuristics/instances/200/test/instance58_nreq200_nveh4_gamma187.txt,200,10,100,0.97,11757.3
/home/christoforos.eseroglou/Desktop/heuristics/instances/200/test/instance58_nreq200_nveh4_gamma187.txt,200,10,100,0.99,10008.1
/home/christoforos.eseroglou/Desktop/heuristics/instances/200/test/instance58_nreq200_nveh4_gamma187.txt,200,50,100,0.95,10335.9
/home/christoforos.eseroglou/Desktop/heuristics/instances/200/test/instance58_nreq200_nveh4_gamma187.txt,200,50,100,0.97,10187.1
/home/christoforos.eseroglou/Desktop/heuristics/instances/200/test/instance58_nreq200_nveh4_gamma187.txt,200,50,100,0.99,10266.3
/home/christoforos.eseroglou/Desktop/heuristics/instances/200/test/instance58_nreq200_nveh4_gamma187.txt,200,100,100,0.95,10326.8
/home/christoforos.eseroglou/Desktop/heuristics/instances/200/test/instance58_nreq200_nveh4_gamma187.txt,200,100,100,0.97,11747.6
/home/christoforos.eseroglou/Desktop/heuristics/instances/200/test/instance58_nreq200_nveh4_gamma187.txt,200,100,100,0.99,10130.2
/home/christoforos.eseroglou/Desktop/heuristics/instances/200/test/instance55_nreq200_nveh4_gamma172.txt,200,10,100,0.95,8128.59
/home/christoforos.eseroglou/Desktop/heuristics/instances/200/test/instance55_nreq200_nveh4_gamma172.txt,200,10,100,0.97,8285.11
/home/christoforos.eseroglou/Desktop/heuristics/instances/200/test/instance55_nreq200_nveh4_gamma172.txt,200,10,100,0.99,8121.53
/home/christoforos.eseroglou/Desktop/heuristics/instances/200/test/instance55_nreq200_nveh4_gamma172.txt,200,50,100,0.95,8163.38
/home/christoforos.eseroglou/Desktop/heuristics/instances/200/test/instance55_nreq200_nveh4_gamma172.txt,200,50,100,0.97,8330.25
/home/christoforos.eseroglou/Desktop/heuristics/instances/200/test/instance55_nreq200_nveh4_gamma172.txt,200,50,100,0.99,9417.26
/home/christoforos.eseroglou/Desktop/heuristics/instances/200/test/instance55_nreq200_nveh4_gamma172.txt,200,100,100,0.95,8248.43
/home/christoforos.eseroglou/Desktop/heuristics/instances/200/test/instance55_nreq200_nveh4_gamma172.txt,200,100,100,0.97,8302.49
/home/christoforos.eseroglou/Desktop/heuristics/instances/200/test/instance55_nreq200_nveh4_gamma172.txt,200,100,100,0.99,8358.54
/home/christoforos.eseroglou/Desktop/heuristics/instances/200/test/instance40_nreq200_nveh4_gamma183.txt,200,10,100,0.95,9608.38
/home/christoforos.eseroglou/Desktop/heuristics/instances/200/test/instance40_nreq200_nveh4_gamma183.txt,200,10,100,0.97,9575.06
/home/christoforos.eseroglou/Desktop/heuristics/instances/200/test/instance40_nreq200_nveh4_gamma183.txt,200,10,100,0.99,9655.07
/home/christoforos.eseroglou/Desktop/heuristics/instances/200/test/instance40_nreq200_nveh4_gamma183.txt,200,50,100,0.95,9439.5
/home/christoforos.eseroglou/Desktop/heuristics/instances/200/test/instance40_nreq200_nveh4_gamma183.txt,200,50,100,0.97,9467.96
/home/christoforos.eseroglou/Desktop/heuristics/instances/200/test/instance40_nreq200_nveh4_gamma183.txt,200,50,100,0.99,9673.05
/home/christoforos.eseroglou/Desktop/heuristics/instances/200/test/instance40_nreq200_nveh4_gamma183.txt,200,100,100,0.95,9427.79
/home/christoforos.eseroglou/Desktop/heuristics/instances/200/test/instance40_nreq200_nveh4_gamma183.txt,200,100,100,0.97,9483.02
/home/christoforos.eseroglou/Desktop/heuristics/instances/200/test/instance40_nreq200_nveh4_gamma183.txt,200,100,100,0.99,9655.88
/home/christoforos.eseroglou/Desktop/heuristics/instances/200/test/instance53_nreq200_nveh4_gamma167.txt,200,10,100,0.95,9076.04
/home/christoforos.eseroglou/Desktop/heuristics/instances/200/test/instance53_nreq200_nveh4_gamma167.txt,200,10,100,0.97,9358.34
/home/christoforos.eseroglou/Desktop/heuristics/instances/200/test/instance53_nreq200_nveh4_gamma167.txt,200,10,100,0.99,8979.6
/home/christoforos.eseroglou/Desktop/heuristics/instances/200/test/instance53_nreq200_nveh4_gamma167.txt,200,50,100,0.95,10437.9
/home/christoforos.eseroglou/Desktop/heuristics/instances/200/test/instance53_nreq200_nveh4_gamma167.txt,200,50,100,0.97,8716.24
/home/christoforos.eseroglou/Desktop/heuristics/instances/200/test/instance53_nreq200_nveh4_gamma167.txt,200,50,100,0.99,10437.9
/home/christoforos.eseroglou/Desktop/heuristics/instances/200/test/instance53_nreq200_nveh4_gamma167.txt,200,100,100,0.95,9132.49
/home/christoforos.eseroglou/Desktop/heuristics/instances/200/test/instance53_nreq200_nveh4_gamma167.txt,200,100,100,0.97,8927.53
/home/christoforos.eseroglou/Desktop/heuristics/instances/200/test/instance53_nreq200_nveh4_gamma167.txt,200,100,100,0.99,9088.54
/home/christoforos.eseroglou/Desktop/heuristics/instances/200/test/instance38_nreq200_nveh4_gamma164.txt,200,10,100,0.95,8936.41
/home/christoforos.eseroglou/Desktop/heuristics/instances/200/test/instance38_nreq200_nveh4_gamma164.txt,200,10,100,0.97,8782.7
/home/christoforos.eseroglou/Desktop/heuristics/instances/200/test/instance38_nreq200_nveh4_gamma164.txt,200,10,100,0.99,8874.36
/home/christoforos.eseroglou/Desktop/heuristics/instances/200/test/instance38_nreq200_nveh4_gamma164.txt,200,50,100,0.95,8888.79
/home/christoforos.eseroglou/Desktop/heuristics/instances/200/test/instance38_nreq200_nveh4_gamma164.txt,200,50,100,0.97,8786
/home/christoforos.eseroglou/Desktop/heuristics/instances/200/test/instance38_nreq200_nveh4_gamma164.txt,200,50,100,0.99,8801.01
/home/christoforos.eseroglou/Desktop/heuristics/instances/200/test/instance38_nreq200_nveh4_gamma164.txt,200,100,100,0.95,8900.36
/home/christoforos.eseroglou/Desktop/heuristics/instances/200/test/instance38_nreq200_nveh4_gamma164.txt,200,100,100,0.97,8627.67
/home/christoforos.eseroglou/Desktop/heuristics/instances/200/test/instance38_nreq200_nveh4_gamma164.txt,200,100,100,0.99,8957.84
/home/christoforos.eseroglou/Desktop/heuristics/instances/200/test/instance50_nreq200_nveh4_gamma170.txt,200,10,100,0.95,9981.48
/home/christoforos.eseroglou/Desktop/heuristics/instances/200/test/instance50_nreq200_nveh4_gamma170.txt,200,10,100,0.97,9981.48
/home/christoforos.eseroglou/Desktop/heuristics/instances/200/test/instance50_nreq200_nveh4_gamma170.txt,200,10,100,0.99,9981.48
/home/christoforos.eseroglou/Desktop/heuristics/instances/200/test/instance50_nreq200_nveh4_gamma170.txt,200,50,100,0.95,8887.01
/home/christoforos.eseroglou/Desktop/heuristics/instances/200/test/instance50_nreq200_nveh4_gamma170.txt,200,50,100,0.97,9981.48
/home/christoforos.eseroglou/Desktop/heuristics/instances/200/test/instance50_nreq200_nveh4_gamma170.txt,200,50,100,0.99,9981.48
/home/christoforos.eseroglou/Desktop/heuristics/instances/200/test/instance50_nreq200_nveh4_gamma170.txt,200,100,100,0.95,9981.48
/home/christoforos.eseroglou/Desktop/heuristics/instances/200/test/instance50_nreq200_nveh4_gamma170.txt,200,100,100,0.97,9981.48
/home/christoforos.eseroglou/Desktop/heuristics/instances/200/test/instance50_nreq200_nveh4_gamma170.txt,200,100,100,0.99,9981.48
/home/christoforos.eseroglou/Desktop/heuristics/instances/200/test/instance31_nreq200_nveh4_gamma192.txt,200,10,100,0.95,10745.4
/home/christoforos.eseroglou/Desktop/heuristics/instances/200/test/instance31_nreq200_nveh4_gamma192.txt,200,10,100,0.97,10996.3
/home/christoforos.eseroglou/Desktop/heuristics/instances/200/test/instance31_nreq200_nveh4_gamma192.txt,200,10,100,0.99,11206.9
/home/christoforos.eseroglou/Desktop/heuristics/instances/200/test/instance31_nreq200_nveh4_gamma192.txt,200,50,100,0.95,11182
/home/christoforos.eseroglou/Desktop/heuristics/instances/200/test/instance31_nreq200_nveh4_gamma192.txt,200,50,100,0.97,10996
/home/christoforos.eseroglou/Desktop/heuristics/instances/200/test/instance31_nreq200_nveh4_gamma192.txt,200,50,100,0.99,10728.6
/home/christoforos.eseroglou/Desktop/heuristics/instances/200/test/instance31_nreq200_nveh4_gamma192.txt,200,100,100,0.95,10875.4
/home/christoforos.eseroglou/Desktop/heuristics/instances/200/test/instance31_nreq200_nveh4_gamma192.txt,200,100,100,0.97,11098.6
/home/christoforos.eseroglou/Desktop/heuristics/instances/200/test/instance31_nreq200_nveh4_gamma192.txt,200,100,100,0.99,12217.9
/home/christoforos.eseroglou/Desktop/heuristics/instances/200/test/instance41_nreq200_nveh4_gamma196.txt,200,10,100,0.95,11417.6
/home/christoforos.eseroglou/Desktop/heuristics/instances/200/test/instance41_nreq200_nveh4_gamma196.txt,200,10,100,0.97,12705.2
/home/christoforos.eseroglou/Desktop/heuristics/instances/200/test/instance41_nreq200_nveh4_gamma196.txt,200,10,100,0.99,12705.2
/home/christoforos.eseroglou/Desktop/heuristics/instances/200/test/instance41_nreq200_nveh4_gamma196.txt,200,50,100,0.95,12705.2
/home/christoforos.eseroglou/Desktop/heuristics/instances/200/test/instance41_nreq200_nveh4_gamma196.txt,200,50,100,0.97,11142.9
/home/christoforos.eseroglou/Desktop/heuristics/instances/200/test/instance41_nreq200_nveh4_gamma196.txt,200,50,100,0.99,12705.2
/home/christoforos.eseroglou/Desktop/heuristics/instances/200/test/instance41_nreq200_nveh4_gamma196.txt,200,100,100,0.95,12705.2
/home/christoforos.eseroglou/Desktop/heuristics/instances/200/test/instance41_nreq200_nveh4_gamma196.txt,200,100,100,0.97,11450.8
/home/christoforos.eseroglou/Desktop/heuristics/instances/200/test/instance41_nreq200_nveh4_gamma196.txt,200,100,100,0.99,11299
/home/christoforos.eseroglou/Desktop/heuristics/instances/500/test/instance34_nreq500_nveh10_gamma458.txt,500,10,100,0.95,41641.3
/home/christoforos.eseroglou/Desktop/heuristics/instances/500/test/instance34_nreq500_nveh10_gamma458.txt,500,10,100,0.97,41352
/home/christoforos.eseroglou/Desktop/heuristics/instances/500/test/instance34_nreq500_nveh10_gamma458.txt,500,10,100,0.99,41452.3
/home/christoforos.eseroglou/Desktop/heuristics/instances/500/test/instance34_nreq500_nveh10_gamma458.txt,500,50,100,0.95,41135.7
/home/christoforos.eseroglou/Desktop/heuristics/instances/500/test/instance34_nreq500_nveh10_gamma458.txt,500,50,100,0.97,41226.2
/home/christoforos.eseroglou/Desktop/heuristics/instances/500/test/instance34_nreq500_nveh10_gamma458.txt,500,50,100,0.99,41325.7
/home/christoforos.eseroglou/Desktop/heuristics/instances/500/test/instance34_nreq500_nveh10_gamma458.txt,500,100,100,0.95,41239.4
/home/christoforos.eseroglou/Desktop/heuristics/instances/500/test/instance34_nreq500_nveh10_gamma458.txt,500,100,100,0.97,41676.8
/home/christoforos.eseroglou/Desktop/heuristics/instances/500/test/instance34_nreq500_nveh10_gamma458.txt,500,100,100,0.99,41672.2
/home/christoforos.eseroglou/Desktop/heuristics/instances/500/test/instance40_nreq500_nveh10_gamma441.txt,500,10,100,0.95,37176
/home/christoforos.eseroglou/Desktop/heuristics/instances/500/test/instance40_nreq500_nveh10_gamma441.txt,500,10,100,0.97,37350.4
/home/christoforos.eseroglou/Desktop/heuristics/instances/500/test/instance40_nreq500_nveh10_gamma441.txt,500,10,100,0.99,37367.4
/home/christoforos.eseroglou/Desktop/heuristics/instances/500/test/instance40_nreq500_nveh10_gamma441.txt,500,50,100,0.95,37363.2
/home/christoforos.eseroglou/Desktop/heuristics/instances/500/test/instance40_nreq500_nveh10_gamma441.txt,500,50,100,0.97,36963.2
/home/christoforos.eseroglou/Desktop/heuristics/instances/500/test/instance40_nreq500_nveh10_gamma441.txt,500,50,100,0.99,37313.3
/home/christoforos.eseroglou/Desktop/heuristics/instances/500/test/instance40_nreq500_nveh10_gamma441.txt,500,100,100,0.95,37121.7
/home/christoforos.eseroglou/Desktop/heuristics/instances/500/test/instance40_nreq500_nveh10_gamma441.txt,500,100,100,0.97,37376.8
/home/christoforos.eseroglou/Desktop/heuristics/instances/500/test/instance40_nreq500_nveh10_gamma441.txt,500,100,100,0.99,37183.8
/home/christoforos.eseroglou/Desktop/heuristics/instances/500/test/instance38_nreq500_nveh10_gamma432.txt,500,10,100,0.95,39797.2
/home/christoforos.eseroglou/Desktop/heuristics/instances/500/test/instance38_nreq500_nveh10_gamma432.txt,500,10,100,0.97,39687.6
/home/christoforos.eseroglou/Desktop/heuristics/instances/500/test/instance38_nreq500_nveh10_gamma432.txt,500,10,100,0.99,39910.8
/home/christoforos.eseroglou/Desktop/heuristics/instances/500/test/instance38_nreq500_nveh10_gamma432.txt,500,50,100,0.95,39759.3
/home/christoforos.eseroglou/Desktop/heuristics/instances/500/test/instance38_nreq500_nveh10_gamma432.txt,500,50,100,0.97,39553.5
/home/christoforos.eseroglou/Desktop/heuristics/instances/500/test/instance38_nreq500_nveh10_gamma432.txt,500,50,100,0.99,40206.8
/home/christoforos.eseroglou/Desktop/heuristics/instances/500/test/instance38_nreq500_nveh10_gamma432.txt,500,100,100,0.95,39280.5
/home/christoforos.eseroglou/Desktop/heuristics/instances/500/test/instance38_nreq500_nveh10_gamma432.txt,500,100,100,0.97,39743.3
/home/christoforos.eseroglou/Desktop/heuristics/instances/500/test/instance38_nreq500_nveh10_gamma432.txt,500,100,100,0.99,39729.9
/home/christoforos.eseroglou/Desktop/heuristics/instances/500/test/instance42_nreq500_nveh10_gamma453.txt,500,10,100,0.95,41769.6
/home/christoforos.eseroglou/Desktop/heuristics/instances/500/test/instance42_nreq500_nveh10_gamma453.txt,500,10,100,0.97,41663.6
/home/christoforos.eseroglou/Desktop/heuristics/instances/500/test/instance42_nreq500_nveh10_gamma453.txt,500,10,100,0.99,41987.5
/home/christoforos.eseroglou/Desktop/heuristics/instances/500/test/instance42_nreq500_nveh10_gamma453.txt,500,50,100,0.95,41646.6
/home/christoforos.eseroglou/Desktop/heuristics/instances/500/test/instance42_nreq500_nveh10_gamma453.txt,500,50,100,0.97,41969
/home/christoforos.eseroglou/Desktop/heuristics/instances/500/test/instance42_nreq500_nveh10_gamma453.txt,500,50,100,0.99,41776.8
/home/christoforos.eseroglou/Desktop/heuristics/instances/500/test/instance42_nreq500_nveh10_gamma453.txt,500,100,100,0.95,41906.4
/home/christoforos.eseroglou/Desktop/heuristics/instances/500/test/instance42_nreq500_nveh10_gamma453.txt,500,100,100,0.97,41727.9
/home/christoforos.eseroglou/Desktop/heuristics/instances/500/test/instance42_nreq500_nveh10_gamma453.txt,500,100,100,0.99,41980.7
/home/christoforos.eseroglou/Desktop/heuristics/instances/500/test/instance51_nreq500_nveh10_gamma474.txt,500,10,100,0.95,42496.9
/home/christoforos.eseroglou/Desktop/heuristics/instances/500/test/instance51_nreq500_nveh10_gamma474.txt,500,10,100,0.97,42711.9
/home/christoforos.eseroglou/Desktop/heuristics/instances/500/test/instance51_nreq500_nveh10_gamma474.txt,500,10,100,0.99,43100.5
/home/christoforos.eseroglou/Desktop/heuristics/instances/500/test/instance51_nreq500_nveh10_gamma474.txt,500,50,100,0.95,42499
/home/christoforos.eseroglou/Desktop/heuristics/instances/500/test/instance51_nreq500_nveh10_gamma474.txt,500,50,100,0.97,42039.4
/home/christoforos.eseroglou/Desktop/heuristics/instances/500/test/instance51_nreq500_nveh10_gamma474.txt,500,50,100,0.99,42284.1
/home/christoforos.eseroglou/Desktop/heuristics/instances/500/test/instance51_nreq500_nveh10_gamma474.txt,500,100,100,0.95,42661.9
/home/christoforos.eseroglou/Desktop/heuristics/instances/500/test/instance51_nreq500_nveh10_gamma474.txt,500,100,100,0.97,42280
/home/christoforos.eseroglou/Desktop/heuristics/instances/500/test/instance51_nreq500_nveh10_gamma474.txt,500,100,100,0.99,42361.2
/home/christoforos.eseroglou/Desktop/heuristics/instances/500/test/instance53_nreq500_nveh10_gamma442.txt,500,10,100,0.95,40595.6
/home/christoforos.eseroglou/Desktop/heuristics/instances/500/test/instance53_nreq500_nveh10_gamma442.txt,500,10,100,0.97,40720.9
/home/christoforos.eseroglou/Desktop/heuristics/instances/500/test/instance53_nreq500_nveh10_gamma442.txt,500,10,100,0.99,41010.9
/home/christoforos.eseroglou/Desktop/heuristics/instances/500/test/instance53_nreq500_nveh10_gamma442.txt,500,50,100,0.95,41048.2
/home/christoforos.eseroglou/Desktop/heuristics/instances/500/test/instance53_nreq500_nveh10_gamma442.txt,500,50,100,0.97,41016.2
/home/christoforos.eseroglou/Desktop/heuristics/instances/500/test/instance53_nreq500_nveh10_gamma442.txt,500,50,100,0.99,41020.3
/home/christoforos.eseroglou/Desktop/heuristics/instances/500/test/instance53_nreq500_nveh10_gamma442.txt,500,100,100,0.95,40799.5
/home/christoforos.eseroglou/Desktop/heuristics/instances/500/test/instance53_nreq500_nveh10_gamma442.txt,500,100,100,0.97,40462.6
/home/christoforos.eseroglou/Desktop/heuristics/instances/500/test/instance53_nreq500_nveh10_gamma442.txt,500,100,100,0.99,40930.7
/home/christoforos.eseroglou/Desktop/heuristics/instances/500/test/instance57_nreq500_nveh10_gamma437.txt,500,10,100,0.95,38532.8
/home/christoforos.eseroglou/Desktop/heuristics/instances/500/test/instance57_nreq500_nveh10_gamma437.txt,500,10,100,0.97,38527.5
/home/christoforos.eseroglou/Desktop/heuristics/instances/500/test/instance57_nreq500_nveh10_gamma437.txt,500,10,100,0.99,38422.9
/home/christoforos.eseroglou/Desktop/heuristics/instances/500/test/instance57_nreq500_nveh10_gamma437.txt,500,50,100,0.95,38396.4
/home/christoforos.eseroglou/Desktop/heuristics/instances/500/test/instance57_nreq500_nveh10_gamma437.txt,500,50,100,0.97,38277.1
/home/christoforos.eseroglou/Desktop/heuristics/instances/500/test/instance57_nreq500_nveh10_gamma437.txt,500,50,100,0.99,38834
/home/christoforos.eseroglou/Desktop/heuristics/instances/500/test/instance57_nreq500_nveh10_gamma437.txt,500,100,100,0.95,38502.7
/home/christoforos.eseroglou/Desktop/heuristics/instances/500/test/instance57_nreq500_nveh10_gamma437.txt,500,100,100,0.97,38255.3
/home/christoforos.eseroglou/Desktop/heuristics/instances/500/test/instance57_nreq500_nveh10_gamma437.txt,500,100,100,0.99,38339.2
/home/christoforos.eseroglou/Desktop/heuristics/instances/500/test/instance33_nreq500_nveh10_gamma459.txt,500,10,100,0.95,39493.9
/home/christoforos.eseroglou/Desktop/heuristics/instances/500/test/instance33_nreq500_nveh10_gamma459.txt,500,10,100,0.97,39313.1
/home/christoforos.eseroglou/Desktop/heuristics/instances/500/test/instance33_nreq500_nveh10_gamma459.txt,500,10,100,0.99,39344
/home/christoforos.eseroglou/Desktop/heuristics/instances/500/test/instance33_nreq500_nveh10_gamma459.txt,500,50,100,0.95,39173.3
/home/christoforos.eseroglou/Desktop/heuristics/instances/500/test/instance33_nreq500_nveh10_gamma459.txt,500,50,100,0.97,39437.6
/home/christoforos.eseroglou/Desktop/heuristics/instances/500/test/instance33_nreq500_nveh10_gamma459.txt,500,50,100,0.99,39084.4
/home/christoforos.eseroglou/Desktop/heuristics/instances/500/test/instance33_nreq500_nveh10_gamma459.txt,500,100,100,0.95,39673.4
/home/christoforos.eseroglou/Desktop/heuristics/instances/500/test/instance33_nreq500_nveh10_gamma459.txt,500,100,100,0.97,39478
/home/christoforos.eseroglou/Desktop/heuristics/instances/500/test/instance33_nreq500_nveh10_gamma459.txt,500,100,100,0.99,39563.7
/home/christoforos.eseroglou/Desktop/heuristics/instances/500/test/instance43_nreq500_nveh10_gamma457.txt,500,10,100,0.95,39976
/home/christoforos.eseroglou/Desktop/heuristics/instances/500/test/instance43_nreq500_nveh10_gamma457.txt,500,10,100,0.97,40019.9
/home/christoforos.eseroglou/Desktop/heuristics/instances/500/test/instance43_nreq500_nveh10_gamma457.txt,500,10,100,0.99,39727
/home/christoforos.eseroglou/Desktop/heuristics/instances/500/test/instance43_nreq500_nveh10_gamma457.txt,500,50,100,0.95,40577.9
/home/christoforos.eseroglou/Desktop/heuristics/instances/500/test/instance43_nreq500_nveh10_gamma457.txt,500,50,100,0.97,40108.3
/home/christoforos.eseroglou/Desktop/heuristics/instances/500/test/instance43_nreq500_nveh10_gamma457.txt,500,50,100,0.99,40020.9
/home/christoforos.eseroglou/Desktop/heuristics/instances/500/test/instance43_nreq500_nveh10_gamma457.txt,500,100,100,0.95,39646.8
/home/christoforos.eseroglou/Desktop/heuristics/instances/500/test/instance43_nreq500_nveh10_gamma457.txt,500,100,100,0.97,40259.4
/home/christoforos.eseroglou/Desktop/heuristics/instances/500/test/instance43_nreq500_nveh10_gamma457.txt,500,100,100,0.99,39792.2
/home/christoforos.eseroglou/Desktop/heuristics/instances/500/test/instance45_nreq500_nveh10_gamma480.txt,500,10,100,0.95,44574.1
/home/christoforos.eseroglou/Desktop/heuristics/instances/500/test/instance45_nreq500_nveh10_gamma480.txt,500,10,100,0.97,44784.3
/home/christoforos.eseroglou/Desktop/heuristics/instances/500/test/instance45_nreq500_nveh10_gamma480.txt,500,10,100,0.99,44125.6
/home/christoforos.eseroglou/Desktop/heuristics/instances/500/test/instance45_nreq500_nveh10_gamma480.txt,500,50,100,0.95,44272.5
/home/christoforos.eseroglou/Desktop/heuristics/instances/500/test/instance45_nreq500_nveh10_gamma480.txt,500,50,100,0.97,44810.7
/home/christoforos.eseroglou/Desktop/heuristics/instances/500/test/instance45_nreq500_nveh10_gamma480.txt,500,50,100,0.99,44522.1
/home/christoforos.eseroglou/Desktop/heuristics/instances/500/test/instance45_nreq500_nveh10_gamma480.txt,500,100,100,0.95,44069.8
/home/christoforos.eseroglou/Desktop/heuristics/instances/500/test/instance45_nreq500_nveh10_gamma480.txt,500,100,100,0.97,44822.2
/home/christoforos.eseroglou/Desktop/heuristics/instances/500/test/instance45_nreq500_nveh10_gamma480.txt,500,100,100,0.99,44749.7
/home/christoforos.eseroglou/Desktop/heuristics/instances/1000/test/instance35_nreq1000_nveh20_gamma888.txt,1000,10,100,0.95,111034
/home/christoforos.eseroglou/Desktop/heuristics/instances/1000/test/instance35_nreq1000_nveh20_gamma888.txt,1000,10,100,0.97,111232
/home/christoforos.eseroglou/Desktop/heuristics/instances/1000/test/instance35_nreq1000_nveh20_gamma888.txt,1000,10,100,0.99,111450
/home/christoforos.eseroglou/Desktop/heuristics/instances/1000/test/instance35_nreq1000_nveh20_gamma888.txt,1000,50,100,0.95,111214
/home/christoforos.eseroglou/Desktop/heuristics/instances/1000/test/instance35_nreq1000_nveh20_gamma888.txt,1000,50,100,0.97,111381
/home/christoforos.eseroglou/Desktop/heuristics/instances/1000/test/instance35_nreq1000_nveh20_gamma888.txt,1000,50,100,0.99,111133
/home/christoforos.eseroglou/Desktop/heuristics/instances/1000/test/instance35_nreq1000_nveh20_gamma888.txt,1000,100,100,0.95,111210
/home/christoforos.eseroglou/Desktop/heuristics/instances/1000/test/instance35_nreq1000_nveh20_gamma888.txt,1000,100,100,0.97,111146
/home/christoforos.eseroglou/Desktop/heuristics/instances/1000/test/instance35_nreq1000_nveh20_gamma888.txt,1000,100,100,0.99,111668
/home/christoforos.eseroglou/Desktop/heuristics/instances/1000/test/instance53_nreq1000_nveh20_gamma870.txt,1000,10,100,0.95,112151
/home/christoforos.eseroglou/Desktop/heuristics/instances/1000/test/instance53_nreq1000_nveh20_gamma870.txt,1000,10,100,0.97,111610
/home/christoforos.eseroglou/Desktop/heuristics/instances/1000/test/instance53_nreq1000_nveh20_gamma870.txt,1000,10,100,0.99,112013
/home/christoforos.eseroglou/Desktop/heuristics/instances/1000/test/instance53_nreq1000_nveh20_gamma870.txt,1000,50,100,0.95,111907
/home/christoforos.eseroglou/Desktop/heuristics/instances/1000/test/instance53_nreq1000_nveh20_gamma870.txt,1000,50,100,0.97,111825
/home/christoforos.eseroglou/Desktop/heuristics/instances/1000/test/instance53_nreq1000_nveh20_gamma870.txt,1000,50,100,0.99,111618
/home/christoforos.eseroglou/Desktop/heuristics/instances/1000/test/instance53_nreq1000_nveh20_gamma870.txt,1000,100,100,0.95,111778
/home/christoforos.eseroglou/Desktop/heuristics/instances/1000/test/instance53_nreq1000_nveh20_gamma870.txt,1000,100,100,0.97,111871
/home/christoforos.eseroglou/Desktop/heuristics/instances/1000/test/instance53_nreq1000_nveh20_gamma870.txt,1000,100,100,0.99,112388
/home/christoforos.eseroglou/Desktop/heuristics/instances/1000/test/instance48_nreq1000_nveh20_gamma891.txt,1000,10,100,0.95,115739
/home/christoforos.eseroglou/Desktop/heuristics/instances/1000/test/instance48_nreq1000_nveh20_gamma891.txt,1000,10,100,0.97,116702
/home/christoforos.eseroglou/Desktop/heuristics/instances/1000/test/instance48_nreq1000_nveh20_gamma891.txt,1000,10,100,0.99,116014
/home/christoforos.eseroglou/Desktop/heuristics/instances/1000/test/instance48_nreq1000_nveh20_gamma891.txt,1000,50,100,0.95,115888
/home/christoforos.eseroglou/Desktop/heuristics/instances/1000/test/instance48_nreq1000_nveh20_gamma891.txt,1000,50,100,0.97,115999
/home/christoforos.eseroglou/Desktop/heuristics/instances/1000/test/instance48_nreq1000_nveh20_gamma891.txt,1000,50,100,0.99,116547
/home/christoforos.eseroglou/Desktop/heuristics/instances/1000/test/instance48_nreq1000_nveh20_gamma891.txt,1000,100,100,0.95,115913
/home/christoforos.eseroglou/Desktop/heuristics/instances/1000/test/instance48_nreq1000_nveh20_gamma891.txt,1000,100,100,0.97,116449
/home/christoforos.eseroglou/Desktop/heuristics/instances/1000/test/instance48_nreq1000_nveh20_gamma891.txt,1000,100,100,0.99,116005
/home/christoforos.eseroglou/Desktop/heuristics/instances/1000/test/instance40_nreq1000_nveh20_gamma908.txt,1000,10,100,0.95,116177
/home/christoforos.eseroglou/Desktop/heuristics/instances/1000/test/instance40_nreq1000_nveh20_gamma908.txt,1000,10,100,0.97,116525
/home/christoforos.eseroglou/Desktop/heuristics/instances/1000/test/instance40_nreq1000_nveh20_gamma908.txt,1000,10,100,0.99,116588
/home/christoforos.eseroglou/Desktop/heuristics/instances/1000/test/instance40_nreq1000_nveh20_gamma908.txt,1000,50,100,0.95,116699
/home/christoforos.eseroglou/Desktop/heuristics/instances/1000/test/instance40_nreq1000_nveh20_gamma908.txt,1000,50,100,0.97,116034
/home/christoforos.eseroglou/Desktop/heuristics/instances/1000/test/instance40_nreq1000_nveh20_gamma908.txt,1000,50,100,0.99,116285
/home/christoforos.eseroglou/Desktop/heuristics/instances/1000/test/instance40_nreq1000_nveh20_gamma908.txt,1000,100,100,0.95,116014
/home/christoforos.eseroglou/Desktop/heuristics/instances/1000/test/instance40_nreq1000_nveh20_gamma908.txt,1000,100,100,0.97,116124
/home/christoforos.eseroglou/Desktop/heuristics/instances/1000/test/instance40_nreq1000_nveh20_gamma908.txt,1000,100,100,0.99,116709
/home/christoforos.eseroglou/Desktop/heuristics/instances/1000/test/instance54_nreq1000_nveh20_gamma911.txt,1000,10,100,0.95,117124
/home/christoforos.eseroglou/Desktop/heuristics/instances/1000/test/instance54_nreq1000_nveh20_gamma911.txt,1000,10,100,0.97,117159
/home/christoforos.eseroglou/Desktop/heuristics/instances/1000/test/instance54_nreq1000_nveh20_gamma911.txt,1000,10,100,0.99,117320
/home/christoforos.eseroglou/Desktop/heuristics/instances/1000/test/instance54_nreq1000_nveh20_gamma911.txt,1000,50,100,0.95,117070
/home/christoforos.eseroglou/Desktop/heuristics/instances/1000/test/instance54_nreq1000_nveh20_gamma911.txt,1000,50,100,0.97,117710
/home/christoforos.eseroglou/Desktop/heuristics/instances/1000/test/instance54_nreq1000_nveh20_gamma911.txt,1000,50,100,0.99,117334
/home/christoforos.eseroglou/Desktop/heuristics/instances/1000/test/instance54_nreq1000_nveh20_gamma911.txt,1000,100,100,0.95,117508
/home/christoforos.eseroglou/Desktop/heuristics/instances/1000/test/instance54_nreq1000_nveh20_gamma911.txt,1000,100,100,0.97,117735
/home/christoforos.eseroglou/Desktop/heuristics/instances/1000/test/instance54_nreq1000_nveh20_gamma911.txt,1000,100,100,0.99,117379
/home/christoforos.eseroglou/Desktop/heuristics/instances/1000/test/instance47_nreq1000_nveh20_gamma912.txt,1000,10,100,0.95,119530
/home/christoforos.eseroglou/Desktop/heuristics/instances/1000/test/instance47_nreq1000_nveh20_gamma912.txt,1000,10,100,0.97,119024
/home/christoforos.eseroglou/Desktop/heuristics/instances/1000/test/instance47_nreq1000_nveh20_gamma912.txt,1000,10,100,0.99,119904
/home/christoforos.eseroglou/Desktop/heuristics/instances/1000/test/instance47_nreq1000_nveh20_gamma912.txt,1000,50,100,0.95,120300
/home/christoforos.eseroglou/Desktop/heuristics/instances/1000/test/instance47_nreq1000_nveh20_gamma912.txt,1000,50,100,0.97,119953
/home/christoforos.eseroglou/Desktop/heuristics/instances/1000/test/instance47_nreq1000_nveh20_gamma912.txt,1000,50,100,0.99,120033
/home/christoforos.eseroglou/Desktop/heuristics/instances/1000/test/instance47_nreq1000_nveh20_gamma912.txt,1000,100,100,0.95,120073
/home/christoforos.eseroglou/Desktop/heuristics/instances/1000/test/instance47_nreq1000_nveh20_gamma912.txt,1000,100,100,0.97,119843
/home/christoforos.eseroglou/Desktop/heuristics/instances/1000/test/instance47_nreq1000_nveh20_gamma912.txt,1000,100,100,0.99,119802
/home/christoforos.eseroglou/Desktop/heuristics/instances/1000/test/instance46_nreq1000_nveh20_gamma904.txt,1000,10,100,0.95,119181
/home/christoforos.eseroglou/Desktop/heuristics/instances/1000/test/instance46_nreq1000_nveh20_gamma904.txt,1000,10,100,0.97,118845
/home/christoforos.eseroglou/Desktop/heuristics/instances/1000/test/instance46_nreq1000_nveh20_gamma904.txt,1000,10,100,0.99,119715
/home/christoforos.eseroglou/Desktop/heuristics/instances/1000/test/instance46_nreq1000_nveh20_gamma904.txt,1000,50,100,0.95,119439
/home/christoforos.eseroglou/Desktop/heuristics/instances/1000/test/instance46_nreq1000_nveh20_gamma904.txt,1000,50,100,0.97,119266
/home/christoforos.eseroglou/Desktop/heuristics/instances/1000/test/instance46_nreq1000_nveh20_gamma904.txt,1000,50,100,0.99,119216
/home/christoforos.eseroglou/Desktop/heuristics/instances/1000/test/instance46_nreq1000_nveh20_gamma904.txt,1000,100,100,0.95,118882
/home/christoforos.eseroglou/Desktop/heuristics/instances/1000/test/instance46_nreq1000_nveh20_gamma904.txt,1000,100,100,0.97,118927
/home/christoforos.eseroglou/Desktop/heuristics/instances/1000/test/instance46_nreq1000_nveh20_gamma904.txt,1000,100,100,0.99,118860
/home/christoforos.eseroglou/Desktop/heuristics/instances/1000/test/instance49_nreq1000_nveh20_gamma847.txt,1000,10,100,0.95,110908
/home/christoforos.eseroglou/Desktop/heuristics/instances/1000/test/instance49_nreq1000_nveh20_gamma847.txt,1000,10,100,0.97,110475
/home/christoforos.eseroglou/Desktop/heuristics/instances/1000/test/instance49_nreq1000_nveh20_gamma847.txt,1000,10,100,0.99,110834
/home/christoforos.eseroglou/Desktop/heuristics/instances/1000/test/instance49_nreq1000_nveh20_gamma847.txt,1000,50,100,0.95,110477
/home/christoforos.eseroglou/Desktop/heuristics/instances/1000/test/instance49_nreq1000_nveh20_gamma847.txt,1000,50,100,0.97,110233
/home/christoforos.eseroglou/Desktop/heuristics/instances/1000/test/instance49_nreq1000_nveh20_gamma847.txt,1000,50,100,0.99,110481
/home/christoforos.eseroglou/Desktop/heuristics/instances/1000/test/instance49_nreq1000_nveh20_gamma847.txt,1000,100,100,0.95,110590
/home/christoforos.eseroglou/Desktop/heuristics/instances/1000/test/instance49_nreq1000_nveh20_gamma847.txt,1000,100,100,0.97,110075
/home/christoforos.eseroglou/Desktop/heuristics/instances/1000/test/instance49_nreq1000_nveh20_gamma847.txt,1000,100,100,0.99,110130
/home/christoforos.eseroglou/Desktop/heuristics/instances/1000/test/instance57_nreq1000_nveh20_gamma933.txt,1000,10,100,0.95,119938
/home/christoforos.eseroglou/Desktop/heuristics/instances/1000/test/instance57_nreq1000_nveh20_gamma933.txt,1000,10,100,0.97,119626
/home/christoforos.eseroglou/Desktop/heuristics/instances/1000/test/instance57_nreq1000_nveh20_gamma933.txt,1000,10,100,0.99,120008
/home/christoforos.eseroglou/Desktop/heuristics/instances/1000/test/instance57_nreq1000_nveh20_gamma933.txt,1000,50,100,0.95,120206
/home/christoforos.eseroglou/Desktop/heuristics/instances/1000/test/instance57_nreq1000_nveh20_gamma933.txt,1000,50,100,0.97,119130
/home/christoforos.eseroglou/Desktop/heuristics/instances/1000/test/instance57_nreq1000_nveh20_gamma933.txt,1000,50,100,0.99,120773
/home/christoforos.eseroglou/Desktop/heuristics/instances/1000/test/instance57_nreq1000_nveh20_gamma933.txt,1000,100,100,0.95,119830
/home/christoforos.eseroglou/Desktop/heuristics/instances/1000/test/instance57_nreq1000_nveh20_gamma933.txt,1000,100,100,0.97,119776
/home/christoforos.eseroglou/Desktop/heuristics/instances/1000/test/instance57_nreq1000_nveh20_gamma933.txt,1000,100,100,0.99,120225
/home/christoforos.eseroglou/Desktop/heuristics/instances/1000/test/instance50_nreq1000_nveh20_gamma918.txt,1000,10,100,0.95,120817
/home/christoforos.eseroglou/Desktop/heuristics/instances/1000/test/instance50_nreq1000_nveh20_gamma918.txt,1000,10,100,0.97,121280
/home/christoforos.eseroglou/Desktop/heuristics/instances/1000/test/instance50_nreq1000_nveh20_gamma918.txt,1000,10,100,0.99,121193
/home/christoforos.eseroglou/Desktop/heuristics/instances/1000/test/instance50_nreq1000_nveh20_gamma918.txt,1000,50,100,0.95,120782
/home/christoforos.eseroglou/Desktop/heuristics/instances/1000/test/instance50_nreq1000_nveh20_gamma918.txt,1000,50,100,0.97,120917
/home/christoforos.eseroglou/Desktop/heuristics/instances/1000/test/instance50_nreq1000_nveh20_gamma918.txt,1000,50,100,0.99,120852
/home/christoforos.eseroglou/Desktop/heuristics/instances/1000/test/instance50_nreq1000_nveh20_gamma918.txt,1000,100,100,0.95,120894
/home/christoforos.eseroglou/Desktop/heuristics/instances/1000/test/instance50_nreq1000_nveh20_gamma918.txt,1000,100,100,0.97,121252
/home/christoforos.eseroglou/Desktop/heuristics/instances/1000/test/instance50_nreq1000_nveh20_gamma918.txt,1000,100,100,0.99,121332
