path,N,permutation,objective
/home/christoforos.eseroglou/Desktop/heuristics/instances/50/test/instance37_nreq50_nveh2_gamma45.txt,50,12,967.759
/home/christoforos.eseroglou/Desktop/heuristics/instances/50/test/instance37_nreq50_nveh2_gamma45.txt,50,21,903.97
/home/christoforos.eseroglou/Desktop/heuristics/instances/50/test/instance37_nreq50_nveh2_gamma45.txt,50,102,969.97
/home/christoforos.eseroglou/Desktop/heuristics/instances/50/test/instance37_nreq50_nveh2_gamma45.txt,50,120,925.97
/home/christoforos.eseroglou/Desktop/heuristics/instances/50/test/instance37_nreq50_nveh2_gamma45.txt,50,201,1019.97
/home/christoforos.eseroglou/Desktop/heuristics/instances/50/test/instance37_nreq50_nveh2_gamma45.txt,50,210,940.97
/home/christoforos.eseroglou/Desktop/heuristics/instances/50/test/instance44_nreq50_nveh2_gamma41.txt,50,12,769.32
/home/christoforos.eseroglou/Desktop/heuristics/instances/50/test/instance44_nreq50_nveh2_gamma41.txt,50,21,799.064
/home/christoforos.eseroglou/Desktop/heuristics/instances/50/test/instance44_nreq50_nveh2_gamma41.txt,50,102,849.141
/home/christoforos.eseroglou/Desktop/heuristics/instances/50/test/instance44_nreq50_nveh2_gamma41.txt,50,120,885.766
/home/christoforos.eseroglou/Desktop/heuristics/instances/50/test/instance44_nreq50_nveh2_gamma41.txt,50,201,741.32
/home/christoforos.eseroglou/Desktop/heuristics/instances/50/test/instance44_nreq50_nveh2_gamma41.txt,50,210,883.361
/home/christoforos.eseroglou/Desktop/heuristics/instances/50/test/instance49_nreq50_nveh2_gamma44.txt,50,12,826.53
/home/christoforos.eseroglou/Desktop/heuristics/instances/50/test/instance49_nreq50_nveh2_gamma44.txt,50,21,960.53
/home/christoforos.eseroglou/Desktop/heuristics/instances/50/test/instance49_nreq50_nveh2_gamma44.txt,50,102,931.53
/home/christoforos.eseroglou/Desktop/heuristics/instances/50/test/instance49_nreq50_nveh2_gamma44.txt,50,120,976.53
/home/christoforos.eseroglou/Desktop/heuristics/instances/50/test/instance49_nreq50_nveh2_gamma44.txt,50,201,873.53
/home/christoforos.eseroglou/Desktop/heuristics/instances/50/test/instance49_nreq50_nveh2_gamma44.txt,50,210,933.53
/home/christoforos.eseroglou/Desktop/heuristics/instances/50/test/instance36_nreq50_nveh2_gamma46.txt,50,12,968.135
/home/christoforos.eseroglou/Desktop/heuristics/instances/50/test/instance36_nreq50_nveh2_gamma46.txt,50,21,897.135
/home/christoforos.eseroglou/Desktop/heuristics/instances/50/test/instance36_nreq50_nveh2_gamma46.txt,50,102,1026.3
/home/christoforos.eseroglou/Desktop/heuristics/instances/50/test/instance36_nreq50_nveh2_gamma46.txt,50,120,947.135
/home/christoforos.eseroglou/Desktop/heuristics/instances/50/test/instance36_nreq50_nveh2_gamma46.txt,50,201,861.135
/home/christoforos.eseroglou/Desktop/heuristics/instances/50/test/instance36_nreq50_nveh2_gamma46.txt,50,210,1066.13
/home/christoforos.eseroglou/Desktop/heuristics/instances/50/test/instance46_nreq50_nveh2_gamma47.txt,50,12,999.905
/home/christoforos.eseroglou/Desktop/heuristics/instances/50/test/instance46_nreq50_nveh2_gamma47.txt,50,21,1152.5
/home/christoforos.eseroglou/Desktop/heuristics/instances/50/test/instance46_nreq50_nveh2_gamma47.txt,50,102,1104.74
/home/christoforos.eseroglou/Desktop/heuristics/instances/50/test/instance46_nreq50_nveh2_gamma47.txt,50,120,922.717
/home/christoforos.eseroglou/Desktop/heuristics/instances/50/test/instance46_nreq50_nveh2_gamma47.txt,50,201,1070.84
/home/christoforos.eseroglou/Desktop/heuristics/instances/50/test/instance46_nreq50_nveh2_gamma47.txt,50,210,1038.2
/home/christoforos.eseroglou/Desktop/heuristics/instances/50/test/instance35_nreq50_nveh2_gamma45.txt,50,12,1022.44
/home/christoforos.eseroglou/Desktop/heuristics/instances/50/test/instance35_nreq50_nveh2_gamma45.txt,50,21,1099.86
/home/christoforos.eseroglou/Desktop/heuristics/instances/50/test/instance35_nreq50_nveh2_gamma45.txt,50,102,1064.01
/home/christoforos.eseroglou/Desktop/heuristics/instances/50/test/instance35_nreq50_nveh2_gamma45.txt,50,120,940.657
/home/christoforos.eseroglou/Desktop/heuristics/instances/50/test/instance35_nreq50_nveh2_gamma45.txt,50,201,950.15
/home/christoforos.eseroglou/Desktop/heuristics/instances/50/test/instance35_nreq50_nveh2_gamma45.txt,50,210,825.276
/home/christoforos.eseroglou/Desktop/heuristics/instances/50/test/instance48_nreq50_nveh2_gamma42.txt,50,12,929.758
/home/christoforos.eseroglou/Desktop/heuristics/instances/50/test/instance48_nreq50_nveh2_gamma42.txt,50,21,863.72
/home/christoforos.eseroglou/Desktop/heuristics/instances/50/test/instance48_nreq50_nveh2_gamma42.txt,50,102,979.976
/home/christoforos.eseroglou/Desktop/heuristics/instances/50/test/instance48_nreq50_nveh2_gamma42.txt,50,120,880.41
/home/christoforos.eseroglou/Desktop/heuristics/instances/50/test/instance48_nreq50_nveh2_gamma42.txt,50,201,872.686
/home/christoforos.eseroglou/Desktop/heuristics/instances/50/test/instance48_nreq50_nveh2_gamma42.txt,50,210,913.455
/home/christoforos.eseroglou/Desktop/heuristics/instances/50/test/instance40_nreq50_nveh2_gamma46.txt,50,12,894.97
/home/christoforos.eseroglou/Desktop/heuristics/instances/50/test/instance40_nreq50_nveh2_gamma46.txt,50,21,1043.19
/home/christoforos.eseroglou/Desktop/heuristics/instances/50/test/instance40_nreq50_nveh2_gamma46.txt,50,102,1046.48
/home/christoforos.eseroglou/Desktop/heuristics/instances/50/test/instance40_nreq50_nveh2_gamma46.txt,50,120,989.606
/home/christoforos.eseroglou/Desktop/heuristics/instances/50/test/instance40_nreq50_nveh2_gamma46.txt,50,201,989.066
/home/christoforos.eseroglou/Desktop/heuristics/instances/50/test/instance40_nreq50_nveh2_gamma46.txt,50,210,1037.7
/home/christoforos.eseroglou/Desktop/heuristics/instances/50/test/instance32_nreq50_nveh2_gamma45.txt,50,12,871.582
/home/christoforos.eseroglou/Desktop/heuristics/instances/50/test/instance32_nreq50_nveh2_gamma45.txt,50,21,969.008
/home/christoforos.eseroglou/Desktop/heuristics/instances/50/test/instance32_nreq50_nveh2_gamma45.txt,50,102,960.693
/home/christoforos.eseroglou/Desktop/heuristics/instances/50/test/instance32_nreq50_nveh2_gamma45.txt,50,120,961.228
/home/christoforos.eseroglou/Desktop/heuristics/instances/50/test/instance32_nreq50_nveh2_gamma45.txt,50,201,910.814
/home/christoforos.eseroglou/Desktop/heuristics/instances/50/test/instance32_nreq50_nveh2_gamma45.txt,50,210,869.367
/home/christoforos.eseroglou/Desktop/heuristics/instances/50/test/instance31_nreq50_nveh2_gamma50.txt,50,12,1069.42
/home/christoforos.eseroglou/Desktop/heuristics/instances/50/test/instance31_nreq50_nveh2_gamma50.txt,50,21,1056.97
/home/christoforos.eseroglou/Desktop/heuristics/instances/50/test/instance31_nreq50_nveh2_gamma50.txt,50,102,1797.65
/home/christoforos.eseroglou/Desktop/heuristics/instances/50/test/instance31_nreq50_nveh2_gamma50.txt,50,120,1060.41
/home/christoforos.eseroglou/Desktop/heuristics/instances/50/test/instance31_nreq50_nveh2_gamma50.txt,50,201,1049.97
/home/christoforos.eseroglou/Desktop/heuristics/instances/50/test/instance31_nreq50_nveh2_gamma50.txt,50,210,1039.97
/home/christoforos.eseroglou/Desktop/heuristics/instances/100/test/instance48_nreq100_nveh2_gamma91.txt,100,12,2366.29
/home/christoforos.eseroglou/Desktop/heuristics/instances/100/test/instance48_nreq100_nveh2_gamma91.txt,100,21,2334.9
/home/christoforos.eseroglou/Desktop/heuristics/instances/100/test/instance48_nreq100_nveh2_gamma91.txt,100,102,2335.67
/home/christoforos.eseroglou/Desktop/heuristics/instances/100/test/instance48_nreq100_nveh2_gamma91.txt,100,120,2627.3
/home/christoforos.eseroglou/Desktop/heuristics/instances/100/test/instance48_nreq100_nveh2_gamma91.txt,100,201,2394.12
/home/christoforos.eseroglou/Desktop/heuristics/instances/100/test/instance48_nreq100_nveh2_gamma91.txt,100,210,2426.9
/home/christoforos.eseroglou/Desktop/heuristics/instances/100/test/instance52_nreq100_nveh2_gamma89.txt,100,12,2111.06
/home/christoforos.eseroglou/Desktop/heuristics/instances/100/test/instance52_nreq100_nveh2_gamma89.txt,100,21,2087.06
/home/christoforos.eseroglou/Desktop/heuristics/instances/100/test/instance52_nreq100_nveh2_gamma89.txt,100,102,2056.06
/home/christoforos.eseroglou/Desktop/heuristics/instances/100/test/instance52_nreq100_nveh2_gamma89.txt,100,120,2142.06
/home/christoforos.eseroglou/Desktop/heuristics/instances/100/test/instance52_nreq100_nveh2_gamma89.txt,100,201,2056.06
/home/christoforos.eseroglou/Desktop/heuristics/instances/100/test/instance52_nreq100_nveh2_gamma89.txt,100,210,2498.79
/home/christoforos.eseroglou/Desktop/heuristics/instances/100/test/instance39_nreq100_nveh2_gamma92.txt,100,12,2458.75
/home/christoforos.eseroglou/Desktop/heuristics/instances/100/test/instance39_nreq100_nveh2_gamma92.txt,100,21,2312.07
/home/christoforos.eseroglou/Desktop/heuristics/instances/100/test/instance39_nreq100_nveh2_gamma92.txt,100,102,2431.17
/home/christoforos.eseroglou/Desktop/heuristics/instances/100/test/instance39_nreq100_nveh2_gamma92.txt,100,120,2347.9
/home/christoforos.eseroglou/Desktop/heuristics/instances/100/test/instance39_nreq100_nveh2_gamma92.txt,100,201,2327.07
/home/christoforos.eseroglou/Desktop/heuristics/instances/100/test/instance39_nreq100_nveh2_gamma92.txt,100,210,2369.08
/home/christoforos.eseroglou/Desktop/heuristics/instances/100/test/instance33_nreq100_nveh2_gamma92.txt,100,12,2369.66
/home/christoforos.eseroglou/Desktop/heuristics/instances/100/test/instance33_nreq100_nveh2_gamma92.txt,100,21,2426.01
/home/christoforos.eseroglou/Desktop/heuristics/instances/100/test/instance33_nreq100_nveh2_gamma92.txt,100,102,2102.52
/home/christoforos.eseroglou/Desktop/heuristics/instances/100/test/instance33_nreq100_nveh2_gamma92.txt,100,120,2334.7
/home/christoforos.eseroglou/Desktop/heuristics/instances/100/test/instance33_nreq100_nveh2_gamma92.txt,100,201,2398.33
/home/christoforos.eseroglou/Desktop/heuristics/instances/100/test/instance33_nreq100_nveh2_gamma92.txt,100,210,2547.13
/home/christoforos.eseroglou/Desktop/heuristics/instances/100/test/instance46_nreq100_nveh2_gamma92.txt,100,12,2492.72
/home/christoforos.eseroglou/Desktop/heuristics/instances/100/test/instance46_nreq100_nveh2_gamma92.txt,100,21,2614.72
/home/christoforos.eseroglou/Desktop/heuristics/instances/100/test/instance46_nreq100_nveh2_gamma92.txt,100,102,2632.72
/home/christoforos.eseroglou/Desktop/heuristics/instances/100/test/instance46_nreq100_nveh2_gamma92.txt,100,120,2562.01
/home/christoforos.eseroglou/Desktop/heuristics/instances/100/test/instance46_nreq100_nveh2_gamma92.txt,100,201,2479.72
/home/christoforos.eseroglou/Desktop/heuristics/instances/100/test/instance46_nreq100_nveh2_gamma92.txt,100,210,2322.72
/home/christoforos.eseroglou/Desktop/heuristics/instances/100/test/instance47_nreq100_nveh2_gamma90.txt,100,12,2388.35
/home/christoforos.eseroglou/Desktop/heuristics/instances/100/test/instance47_nreq100_nveh2_gamma90.txt,100,21,2057.34
/home/christoforos.eseroglou/Desktop/heuristics/instances/100/test/instance47_nreq100_nveh2_gamma90.txt,100,102,2491.08
/home/christoforos.eseroglou/Desktop/heuristics/instances/100/test/instance47_nreq100_nveh2_gamma90.txt,100,120,2438.69
/home/christoforos.eseroglou/Desktop/heuristics/instances/100/test/instance47_nreq100_nveh2_gamma90.txt,100,201,2308.34
/home/christoforos.eseroglou/Desktop/heuristics/instances/100/test/instance47_nreq100_nveh2_gamma90.txt,100,210,2307.9
/home/christoforos.eseroglou/Desktop/heuristics/instances/100/test/instance45_nreq100_nveh2_gamma94.txt,100,12,2482.78
/home/christoforos.eseroglou/Desktop/heuristics/instances/100/test/instance45_nreq100_nveh2_gamma94.txt,100,21,2525.78
/home/christoforos.eseroglou/Desktop/heuristics/instances/100/test/instance45_nreq100_nveh2_gamma94.txt,100,102,2365.78
/home/christoforos.eseroglou/Desktop/heuristics/instances/100/test/instance45_nreq100_nveh2_gamma94.txt,100,120,2541.78
/home/christoforos.eseroglou/Desktop/heuristics/instances/100/test/instance45_nreq100_nveh2_gamma94.txt,100,201,2843.69
/home/christoforos.eseroglou/Desktop/heuristics/instances/100/test/instance45_nreq100_nveh2_gamma94.txt,100,210,2703.37
/home/christoforos.eseroglou/Desktop/heuristics/instances/100/test/instance37_nreq100_nveh2_gamma89.txt,100,12,2728.78
/home/christoforos.eseroglou/Desktop/heuristics/instances/100/test/instance37_nreq100_nveh2_gamma89.txt,100,21,2557.62
/home/christoforos.eseroglou/Desktop/heuristics/instances/100/test/instance37_nreq100_nveh2_gamma89.txt,100,102,2392.16
/home/christoforos.eseroglou/Desktop/heuristics/instances/100/test/instance37_nreq100_nveh2_gamma89.txt,100,120,2316.85
/home/christoforos.eseroglou/Desktop/heuristics/instances/100/test/instance37_nreq100_nveh2_gamma89.txt,100,201,2676.51
/home/christoforos.eseroglou/Desktop/heuristics/instances/100/test/instance37_nreq100_nveh2_gamma89.txt,100,210,2467.14
/home/christoforos.eseroglou/Desktop/heuristics/instances/100/test/instance31_nreq100_nveh2_gamma86.txt,100,12,2032.21
/home/christoforos.eseroglou/Desktop/heuristics/instances/100/test/instance31_nreq100_nveh2_gamma86.txt,100,21,2124.33
/home/christoforos.eseroglou/Desktop/heuristics/instances/100/test/instance31_nreq100_nveh2_gamma86.txt,100,102,2273.92
/home/christoforos.eseroglou/Desktop/heuristics/instances/100/test/instance31_nreq100_nveh2_gamma86.txt,100,120,2084.51
/home/christoforos.eseroglou/Desktop/heuristics/instances/100/test/instance31_nreq100_nveh2_gamma86.txt,100,201,2366.15
/home/christoforos.eseroglou/Desktop/heuristics/instances/100/test/instance31_nreq100_nveh2_gamma86.txt,100,210,2407.39
/home/christoforos.eseroglou/Desktop/heuristics/instances/100/test/instance44_nreq100_nveh2_gamma89.txt,100,12,2232.86
/home/christoforos.eseroglou/Desktop/heuristics/instances/100/test/instance44_nreq100_nveh2_gamma89.txt,100,21,2183.86
/home/christoforos.eseroglou/Desktop/heuristics/instances/100/test/instance44_nreq100_nveh2_gamma89.txt,100,102,2346.03
/home/christoforos.eseroglou/Desktop/heuristics/instances/100/test/instance44_nreq100_nveh2_gamma89.txt,100,120,2181.86
/home/christoforos.eseroglou/Desktop/heuristics/instances/100/test/instance44_nreq100_nveh2_gamma89.txt,100,201,2333.86
/home/christoforos.eseroglou/Desktop/heuristics/instances/100/test/instance44_nreq100_nveh2_gamma89.txt,100,210,3933.81
/home/christoforos.eseroglou/Desktop/heuristics/instances/200/test/instance46_nreq200_nveh4_gamma178.txt,200,12,6413.61
/home/christoforos.eseroglou/Desktop/heuristics/instances/200/test/instance46_nreq200_nveh4_gamma178.txt,200,21,6851.57
/home/christoforos.eseroglou/Desktop/heuristics/instances/200/test/instance46_nreq200_nveh4_gamma178.txt,200,102,6033.57
/home/christoforos.eseroglou/Desktop/heuristics/instances/200/test/instance46_nreq200_nveh4_gamma178.txt,200,120,6509.52
/home/christoforos.eseroglou/Desktop/heuristics/instances/200/test/instance46_nreq200_nveh4_gamma178.txt,200,201,7089.87
/home/christoforos.eseroglou/Desktop/heuristics/instances/200/test/instance46_nreq200_nveh4_gamma178.txt,200,210,6486.7
/home/christoforos.eseroglou/Desktop/heuristics/instances/200/test/instance49_nreq200_nveh4_gamma187.txt,200,12,6564.55
/home/christoforos.eseroglou/Desktop/heuristics/instances/200/test/instance49_nreq200_nveh4_gamma187.txt,200,21,6811.71
/home/christoforos.eseroglou/Desktop/heuristics/instances/200/test/instance49_nreq200_nveh4_gamma187.txt,200,102,6955.92
/home/christoforos.eseroglou/Desktop/heuristics/instances/200/test/instance49_nreq200_nveh4_gamma187.txt,200,120,6250.29
/home/christoforos.eseroglou/Desktop/heuristics/instances/200/test/instance49_nreq200_nveh4_gamma187.txt,200,201,6779.48
/home/christoforos.eseroglou/Desktop/heuristics/instances/200/test/instance49_nreq200_nveh4_gamma187.txt,200,210,6684.04
/home/christoforos.eseroglou/Desktop/heuristics/instances/200/test/instance55_nreq200_nveh4_gamma172.txt,200,12,6178.52
/home/christoforos.eseroglou/Desktop/heuristics/instances/200/test/instance55_nreq200_nveh4_gamma172.txt,200,21,6733.75
/home/christoforos.eseroglou/Desktop/heuristics/instances/200/test/instance55_nreq200_nveh4_gamma172.txt,200,102,5831.31
/home/christoforos.eseroglou/Desktop/heuristics/instances/200/test/instance55_nreq200_nveh4_gamma172.txt,200,120,5901.6
/home/christoforos.eseroglou/Desktop/heuristics/instances/200/test/instance55_nreq200_nveh4_gamma172.txt,200,201,6116.15
/home/christoforos.eseroglou/Desktop/heuristics/instances/200/test/instance55_nreq200_nveh4_gamma172.txt,200,210,6313.34
/home/christoforos.eseroglou/Desktop/heuristics/instances/200/test/instance44_nreq200_nveh4_gamma183.txt,200,12,6073.14
/home/christoforos.eseroglou/Desktop/heuristics/instances/200/test/instance44_nreq200_nveh4_gamma183.txt,200,21,6048.04
/home/christoforos.eseroglou/Desktop/heuristics/instances/200/test/instance44_nreq200_nveh4_gamma183.txt,200,102,6935.65
/home/christoforos.eseroglou/Desktop/heuristics/instances/200/test/instance44_nreq200_nveh4_gamma183.txt,200,120,6223.88
/home/christoforos.eseroglou/Desktop/heuristics/instances/200/test/instance44_nreq200_nveh4_gamma183.txt,200,201,6490.57
/home/christoforos.eseroglou/Desktop/heuristics/instances/200/test/instance44_nreq200_nveh4_gamma183.txt,200,210,6577.1
/home/christoforos.eseroglou/Desktop/heuristics/instances/200/test/instance48_nreq200_nveh4_gamma186.txt,200,12,6964.93
/home/christoforos.eseroglou/Desktop/heuristics/instances/200/test/instance48_nreq200_nveh4_gamma186.txt,200,21,7176.85
/home/christoforos.eseroglou/Desktop/heuristics/instances/200/test/instance48_nreq200_nveh4_gamma186.txt,200,102,6637.65
/home/christoforos.eseroglou/Desktop/heuristics/instances/200/test/instance48_nreq200_nveh4_gamma186.txt,200,120,7101.05
/home/christoforos.eseroglou/Desktop/heuristics/instances/200/test/instance48_nreq200_nveh4_gamma186.txt,200,201,7341.53
/home/christoforos.eseroglou/Desktop/heuristics/instances/200/test/instance48_nreq200_nveh4_gamma186.txt,200,210,7281.06
/home/christoforos.eseroglou/Desktop/heuristics/instances/200/test/instance52_nreq200_nveh4_gamma174.txt,200,12,6503.98
/home/christoforos.eseroglou/Desktop/heuristics/instances/200/test/instance52_nreq200_nveh4_gamma174.txt,200,21,6194.14
/home/christoforos.eseroglou/Desktop/heuristics/instances/200/test/instance52_nreq200_nveh4_gamma174.txt,200,102,5979.54
/home/christoforos.eseroglou/Desktop/heuristics/instances/200/test/instance52_nreq200_nveh4_gamma174.txt,200,120,6633.5
/home/christoforos.eseroglou/Desktop/heuristics/instances/200/test/instance52_nreq200_nveh4_gamma174.txt,200,201,6585.76
/home/christoforos.eseroglou/Desktop/heuristics/instances/200/test/instance52_nreq200_nveh4_gamma174.txt,200,210,6353.09
/home/christoforos.eseroglou/Desktop/heuristics/instances/200/test/instance59_nreq200_nveh4_gamma170.txt,200,12,6368.65
/home/christoforos.eseroglou/Desktop/heuristics/instances/200/test/instance59_nreq200_nveh4_gamma170.txt,200,21,5835.43
/home/christoforos.eseroglou/Desktop/heuristics/instances/200/test/instance59_nreq200_nveh4_gamma170.txt,200,102,6367.63
/home/christoforos.eseroglou/Desktop/heuristics/instances/200/test/instance59_nreq200_nveh4_gamma170.txt,200,120,5777.45
/home/christoforos.eseroglou/Desktop/heuristics/instances/200/test/instance59_nreq200_nveh4_gamma170.txt,200,201,6257.62
/home/christoforos.eseroglou/Desktop/heuristics/instances/200/test/instance59_nreq200_nveh4_gamma170.txt,200,210,5917.03
/home/christoforos.eseroglou/Desktop/heuristics/instances/200/test/instance41_nreq200_nveh4_gamma196.txt,200,12,7358.15
/home/christoforos.eseroglou/Desktop/heuristics/instances/200/test/instance41_nreq200_nveh4_gamma196.txt,200,21,7754.92
/home/christoforos.eseroglou/Desktop/heuristics/instances/200/test/instance41_nreq200_nveh4_gamma196.txt,200,102,7305.75
/home/christoforos.eseroglou/Desktop/heuristics/instances/200/test/instance41_nreq200_nveh4_gamma196.txt,200,120,7296.6
/home/christoforos.eseroglou/Desktop/heuristics/instances/200/test/instance41_nreq200_nveh4_gamma196.txt,200,201,7794.81
/home/christoforos.eseroglou/Desktop/heuristics/instances/200/test/instance41_nreq200_nveh4_gamma196.txt,200,210,7319.84
/home/christoforos.eseroglou/Desktop/heuristics/instances/200/test/instance33_nreq200_nveh4_gamma181.txt,200,12,6934.33
/home/christoforos.eseroglou/Desktop/heuristics/instances/200/test/instance33_nreq200_nveh4_gamma181.txt,200,21,6613.92
/home/christoforos.eseroglou/Desktop/heuristics/instances/200/test/instance33_nreq200_nveh4_gamma181.txt,200,102,6561.14
/home/christoforos.eseroglou/Desktop/heuristics/instances/200/test/instance33_nreq200_nveh4_gamma181.txt,200,120,6401.65
/home/christoforos.eseroglou/Desktop/heuristics/instances/200/test/instance33_nreq200_nveh4_gamma181.txt,200,201,6979.01
/home/christoforos.eseroglou/Desktop/heuristics/instances/200/test/instance33_nreq200_nveh4_gamma181.txt,200,210,6490.52
/home/christoforos.eseroglou/Desktop/heuristics/instances/200/test/instance40_nreq200_nveh4_gamma183.txt,200,12,6328.97
/home/christoforos.eseroglou/Desktop/heuristics/instances/200/test/instance40_nreq200_nveh4_gamma183.txt,200,21,6817.07
/home/christoforos.eseroglou/Desktop/heuristics/instances/200/test/instance40_nreq200_nveh4_gamma183.txt,200,102,6546.43
/home/christoforos.eseroglou/Desktop/heuristics/instances/200/test/instance40_nreq200_nveh4_gamma183.txt,200,120,6668.48
/home/christoforos.eseroglou/Desktop/heuristics/instances/200/test/instance40_nreq200_nveh4_gamma183.txt,200,201,7359.25
/home/christoforos.eseroglou/Desktop/heuristics/instances/200/test/instance40_nreq200_nveh4_gamma183.txt,200,210,6449.26
/home/christoforos.eseroglou/Desktop/heuristics/instances/500/test/instance42_nreq500_nveh10_gamma453.txt,500,12,27993.1
/home/christoforos.eseroglou/Desktop/heuristics/instances/500/test/instance42_nreq500_nveh10_gamma453.txt,500,21,28289.6
/home/christoforos.eseroglou/Desktop/heuristics/instances/500/test/instance42_nreq500_nveh10_gamma453.txt,500,102,26477.2
/home/christoforos.eseroglou/Desktop/heuristics/instances/500/test/instance42_nreq500_nveh10_gamma453.txt,500,120,24477.9
/home/christoforos.eseroglou/Desktop/heuristics/instances/500/test/instance42_nreq500_nveh10_gamma453.txt,500,201,27796
/home/christoforos.eseroglou/Desktop/heuristics/instances/500/test/instance42_nreq500_nveh10_gamma453.txt,500,210,27683.9
/home/christoforos.eseroglou/Desktop/heuristics/instances/500/test/instance52_nreq500_nveh10_gamma461.txt,500,12,27966
/home/christoforos.eseroglou/Desktop/heuristics/instances/500/test/instance52_nreq500_nveh10_gamma461.txt,500,21,26544.7
/home/christoforos.eseroglou/Desktop/heuristics/instances/500/test/instance52_nreq500_nveh10_gamma461.txt,500,102,25867.2
/home/christoforos.eseroglou/Desktop/heuristics/instances/500/test/instance52_nreq500_nveh10_gamma461.txt,500,120,27666.8
/home/christoforos.eseroglou/Desktop/heuristics/instances/500/test/instance52_nreq500_nveh10_gamma461.txt,500,201,28652.6
/home/christoforos.eseroglou/Desktop/heuristics/instances/500/test/instance52_nreq500_nveh10_gamma461.txt,500,210,26687.3
/home/christoforos.eseroglou/Desktop/heuristics/instances/500/test/instance44_nreq500_nveh10_gamma470.txt,500,12,26757.2
/home/christoforos.eseroglou/Desktop/heuristics/instances/500/test/instance44_nreq500_nveh10_gamma470.txt,500,21,30856.1
/home/christoforos.eseroglou/Desktop/heuristics/instances/500/test/instance44_nreq500_nveh10_gamma470.txt,500,102,26459.6
/home/christoforos.eseroglou/Desktop/heuristics/instances/500/test/instance44_nreq500_nveh10_gamma470.txt,500,120,26044
/home/christoforos.eseroglou/Desktop/heuristics/instances/500/test/instance44_nreq500_nveh10_gamma470.txt,500,201,29724.6
/home/christoforos.eseroglou/Desktop/heuristics/instances/500/test/instance44_nreq500_nveh10_gamma470.txt,500,210,28550.7
/home/christoforos.eseroglou/Desktop/heuristics/instances/500/test/instance50_nreq500_nveh10_gamma456.txt,500,12,27169
/home/christoforos.eseroglou/Desktop/heuristics/instances/500/test/instance50_nreq500_nveh10_gamma456.txt,500,21,28150.7
/home/christoforos.eseroglou/Desktop/heuristics/instances/500/test/instance50_nreq500_nveh10_gamma456.txt,500,102,26956.4
/home/christoforos.eseroglou/Desktop/heuristics/instances/500/test/instance50_nreq500_nveh10_gamma456.txt,500,120,26585.7
/home/christoforos.eseroglou/Desktop/heuristics/instances/500/test/instance50_nreq500_nveh10_gamma456.txt,500,201,27041.7
/home/christoforos.eseroglou/Desktop/heuristics/instances/500/test/instance50_nreq500_nveh10_gamma456.txt,500,210,28294.4
/home/christoforos.eseroglou/Desktop/heuristics/instances/500/test/instance48_nreq500_nveh10_gamma433.txt,500,12,27982.2
/home/christoforos.eseroglou/Desktop/heuristics/instances/500/test/instance48_nreq500_nveh10_gamma433.txt,500,21,27343.8
/home/christoforos.eseroglou/Desktop/heuristics/instances/500/test/instance48_nreq500_nveh10_gamma433.txt,500,102,24575.9
/home/christoforos.eseroglou/Desktop/heuristics/instances/500/test/instance48_nreq500_nveh10_gamma433.txt,500,120,24701.9
/home/christoforos.eseroglou/Desktop/heuristics/instances/500/test/instance48_nreq500_nveh10_gamma433.txt,500,201,26799.2
/home/christoforos.eseroglou/Desktop/heuristics/instances/500/test/instance48_nreq500_nveh10_gamma433.txt,500,210,27406.3
/home/christoforos.eseroglou/Desktop/heuristics/instances/500/test/instance47_nreq500_nveh10_gamma462.txt,500,12,26554.6
/home/christoforos.eseroglou/Desktop/heuristics/instances/500/test/instance47_nreq500_nveh10_gamma462.txt,500,21,25772.3
/home/christoforos.eseroglou/Desktop/heuristics/instances/500/test/instance47_nreq500_nveh10_gamma462.txt,500,102,24968
/home/christoforos.eseroglou/Desktop/heuristics/instances/500/test/instance47_nreq500_nveh10_gamma462.txt,500,120,25593.4
/home/christoforos.eseroglou/Desktop/heuristics/instances/500/test/instance47_nreq500_nveh10_gamma462.txt,500,201,27461.1
/home/christoforos.eseroglou/Desktop/heuristics/instances/500/test/instance47_nreq500_nveh10_gamma462.txt,500,210,28096.8
/home/christoforos.eseroglou/Desktop/heuristics/instances/500/test/instance33_nreq500_nveh10_gamma459.txt,500,12,26634
/home/christoforos.eseroglou/Desktop/heuristics/instances/500/test/instance33_nreq500_nveh10_gamma459.txt,500,21,26949.6
/home/christoforos.eseroglou/Desktop/heuristics/instances/500/test/instance33_nreq500_nveh10_gamma459.txt,500,102,25614.5
/home/christoforos.eseroglou/Desktop/heuristics/instances/500/test/instance33_nreq500_nveh10_gamma459.txt,500,120,26331.1
/home/christoforos.eseroglou/Desktop/heuristics/instances/500/test/instance33_nreq500_nveh10_gamma459.txt,500,201,26576.4
/home/christoforos.eseroglou/Desktop/heuristics/instances/500/test/instance33_nreq500_nveh10_gamma459.txt,500,210,25498.9
/home/christoforos.eseroglou/Desktop/heuristics/instances/500/test/instance55_nreq500_nveh10_gamma439.txt,500,12,26711.2
/home/christoforos.eseroglou/Desktop/heuristics/instances/500/test/instance55_nreq500_nveh10_gamma439.txt,500,21,24857.2
/home/christoforos.eseroglou/Desktop/heuristics/instances/500/test/instance55_nreq500_nveh10_gamma439.txt,500,102,26215.6
/home/christoforos.eseroglou/Desktop/heuristics/instances/500/test/instance55_nreq500_nveh10_gamma439.txt,500,120,24168
/home/christoforos.eseroglou/Desktop/heuristics/instances/500/test/instance55_nreq500_nveh10_gamma439.txt,500,201,27168
/home/christoforos.eseroglou/Desktop/heuristics/instances/500/test/instance55_nreq500_nveh10_gamma439.txt,500,210,26300.4
/home/christoforos.eseroglou/Desktop/heuristics/instances/500/test/instance51_nreq500_nveh10_gamma474.txt,500,12,29150.1
/home/christoforos.eseroglou/Desktop/heuristics/instances/500/test/instance51_nreq500_nveh10_gamma474.txt,500,21,27704.6
/home/christoforos.eseroglou/Desktop/heuristics/instances/500/test/instance51_nreq500_nveh10_gamma474.txt,500,102,26501.1
/home/christoforos.eseroglou/Desktop/heuristics/instances/500/test/instance51_nreq500_nveh10_gamma474.txt,500,120,27193.3
/home/christoforos.eseroglou/Desktop/heuristics/instances/500/test/instance51_nreq500_nveh10_gamma474.txt,500,201,30046.1
/home/christoforos.eseroglou/Desktop/heuristics/instances/500/test/instance51_nreq500_nveh10_gamma474.txt,500,210,28958
/home/christoforos.eseroglou/Desktop/heuristics/instances/500/test/instance58_nreq500_nveh10_gamma452.txt,500,12,26836.4
/home/christoforos.eseroglou/Desktop/heuristics/instances/500/test/instance58_nreq500_nveh10_gamma452.txt,500,21,27639.1
/home/christoforos.eseroglou/Desktop/heuristics/instances/500/test/instance58_nreq500_nveh10_gamma452.txt,500,102,26008.6
/home/christoforos.eseroglou/Desktop/heuristics/instances/500/test/instance58_nreq500_nveh10_gamma452.txt,500,120,24884.6
/home/christoforos.eseroglou/Desktop/heuristics/instances/500/test/instance58_nreq500_nveh10_gamma452.txt,500,201,27408.9
/home/christoforos.eseroglou/Desktop/heuristics/instances/500/test/instance58_nreq500_nveh10_gamma452.txt,500,210,26363.3
