path,N,method,duration,objective
"../instances/50/test/instance55_nreq50_nveh2_gamma40.txt",50,DC,0.436614,1600.62
"../instances/50/test/instance55_nreq50_nveh2_gamma40.txt",50,RC,1.39889,1719.31
"../instances/50/test/instance55_nreq50_nveh2_gamma40.txt",50,BS,8.39981,1362.91
"../instances/50/test/instance55_nreq50_nveh2_gamma40.txt",50,VND,98.939,1029.88
"../instances/50/test/instance55_nreq50_nveh2_gamma40.txt",50,SA,0.69061,1600.62
"../instances/50/test/instance55_nreq50_nveh2_gamma40.txt",50,LN,5927.93,1172.23
"../instances/50/test/instance55_nreq50_nveh2_gamma40.txt",50,GA,3346.39,1174.22
"../instances/50/test/instance47_nreq50_nveh2_gamma42.txt",50,DC,0.504812,1443.26
"../instances/50/test/instance47_nreq50_nveh2_gamma42.txt",50,RC,0.584012,1607.12
"../instances/50/test/instance47_nreq50_nveh2_gamma42.txt",50,BS,31.4362,1377.87
"../instances/50/test/instance47_nreq50_nveh2_gamma42.txt",50,VND,58.7863,975.642
"../instances/50/test/instance47_nreq50_nveh2_gamma42.txt",50,SA,0.029239,1427.27
"../instances/50/test/instance47_nreq50_nveh2_gamma42.txt",50,LN,6169.17,1145
"../instances/50/test/instance47_nreq50_nveh2_gamma42.txt",50,GA,3306.58,1124.93
"../instances/50/test/instance38_nreq50_nveh2_gamma43.txt",50,DC,0.528013,1423.3
"../instances/50/test/instance38_nreq50_nveh2_gamma43.txt",50,RC,22.6519,1795.5
"../instances/50/test/instance38_nreq50_nveh2_gamma43.txt",50,BS,3.02396,1379.15
"../instances/50/test/instance38_nreq50_nveh2_gamma43.txt",50,VND,117.033,941.899
"../instances/50/test/instance38_nreq50_nveh2_gamma43.txt",50,SA,0.061579,1404.07
"../instances/50/test/instance38_nreq50_nveh2_gamma43.txt",50,LN,6598.83,1280.2
"../instances/50/test/instance38_nreq50_nveh2_gamma43.txt",50,GA,3472.12,1224.12
"../instances/50/test/instance50_nreq50_nveh2_gamma43.txt",50,DC,0.550421,1406.81
"../instances/50/test/instance50_nreq50_nveh2_gamma43.txt",50,RC,1.38882,1644.85
"../instances/50/test/instance50_nreq50_nveh2_gamma43.txt",50,BS,7.83068,1248.56
"../instances/50/test/instance50_nreq50_nveh2_gamma43.txt",50,VND,48.5759,1056.32
"../instances/50/test/instance50_nreq50_nveh2_gamma43.txt",50,SA,0.67066,1406.81
"../instances/50/test/instance50_nreq50_nveh2_gamma43.txt",50,LN,6561.52,1057.77
"../instances/50/test/instance50_nreq50_nveh2_gamma43.txt",50,GA,3646.52,1072.67
"../instances/50/test/instance44_nreq50_nveh2_gamma41.txt",50,DC,0.498693,1442.13
"../instances/50/test/instance44_nreq50_nveh2_gamma41.txt",50,RC,24.3047,1513.97
"../instances/50/test/instance44_nreq50_nveh2_gamma41.txt",50,BS,12.0062,1366.02
"../instances/50/test/instance44_nreq50_nveh2_gamma41.txt",50,VND,112.497,919.704
"../instances/50/test/instance44_nreq50_nveh2_gamma41.txt",50,SA,0.148018,1442.09
"../instances/50/test/instance44_nreq50_nveh2_gamma41.txt",50,LN,6800.89,1178.5
"../instances/50/test/instance44_nreq50_nveh2_gamma41.txt",50,GA,3740.76,1018.44
"../instances/50/test/instance45_nreq50_nveh2_gamma42.txt",50,DC,0.622471,1474.88
"../instances/50/test/instance45_nreq50_nveh2_gamma42.txt",50,RC,0.585011,1600.11
"../instances/50/test/instance45_nreq50_nveh2_gamma42.txt",50,BS,7.73491,1329.28
"../instances/50/test/instance45_nreq50_nveh2_gamma42.txt",50,VND,53.5027,903.311
"../instances/50/test/instance45_nreq50_nveh2_gamma42.txt",50,SA,0.569631,1474.88
"../instances/50/test/instance45_nreq50_nveh2_gamma42.txt",50,LN,6721.09,1174.43
"../instances/50/test/instance45_nreq50_nveh2_gamma42.txt",50,GA,4246.09,1100.16
"../instances/50/test/instance42_nreq50_nveh2_gamma44.txt",50,DC,0.512152,1575.2
"../instances/50/test/instance42_nreq50_nveh2_gamma44.txt",50,RC,1.05375,1905.65
"../instances/50/test/instance42_nreq50_nveh2_gamma44.txt",50,BS,56.6437,1518.75
"../instances/50/test/instance42_nreq50_nveh2_gamma44.txt",50,VND,107.263,1102.61
"../instances/50/test/instance42_nreq50_nveh2_gamma44.txt",50,SA,0.597132,1575.2
"../instances/50/test/instance42_nreq50_nveh2_gamma44.txt",50,LN,6931.76,1221.81
"../instances/50/test/instance42_nreq50_nveh2_gamma44.txt",50,GA,4034.74,1186.15
"../instances/50/test/instance59_nreq50_nveh2_gamma45.txt",50,DC,0.576611,1612.11
"../instances/50/test/instance59_nreq50_nveh2_gamma45.txt",50,RC,1.14814,1728.65
"../instances/50/test/instance59_nreq50_nveh2_gamma45.txt",50,BS,19.6987,1478.34
"../instances/50/test/instance59_nreq50_nveh2_gamma45.txt",50,VND,139.212,1152.95
"../instances/50/test/instance59_nreq50_nveh2_gamma45.txt",50,SA,0.622601,1612.11
"../instances/50/test/instance59_nreq50_nveh2_gamma45.txt",50,LN,7122.88,1274.02
"../instances/50/test/instance59_nreq50_nveh2_gamma45.txt",50,GA,3862.14,1205.23
"../instances/50/test/instance52_nreq50_nveh2_gamma44.txt",50,DC,0.469903,1433.86
"../instances/50/test/instance52_nreq50_nveh2_gamma44.txt",50,RC,0.535452,1739.55
"../instances/50/test/instance52_nreq50_nveh2_gamma44.txt",50,BS,4.10109,1480
"../instances/50/test/instance52_nreq50_nveh2_gamma44.txt",50,VND,51.1378,1043.89
"../instances/50/test/instance52_nreq50_nveh2_gamma44.txt",50,SA,0.6988,1433.86
"../instances/50/test/instance52_nreq50_nveh2_gamma44.txt",50,LN,7119.07,1280.33
"../instances/50/test/instance52_nreq50_nveh2_gamma44.txt",50,GA,4001.94,1214.1
"../instances/50/test/instance34_nreq50_nveh2_gamma47.txt",50,DC,0.568482,1802.82
"../instances/50/test/instance34_nreq50_nveh2_gamma47.txt",50,RC,1.06835,1994.6
"../instances/50/test/instance34_nreq50_nveh2_gamma47.txt",50,BS,3.38622,1745.58
"../instances/50/test/instance34_nreq50_nveh2_gamma47.txt",50,VND,61.3248,1127.75
"../instances/50/test/instance34_nreq50_nveh2_gamma47.txt",50,SA,2.0896,1788.05
"../instances/50/test/instance34_nreq50_nveh2_gamma47.txt",50,LN,7249.55,1666.24
"../instances/50/test/instance34_nreq50_nveh2_gamma47.txt",50,GA,3922.4,1454.18
"../instances/50/test/instance40_nreq50_nveh2_gamma46.txt",50,DC,0.608482,1679.75
"../instances/50/test/instance40_nreq50_nveh2_gamma46.txt",50,RC,1.27425,1661.97
"../instances/50/test/instance40_nreq50_nveh2_gamma46.txt",50,BS,46.3502,1650.66
"../instances/50/test/instance40_nreq50_nveh2_gamma46.txt",50,VND,110.177,1062.05
"../instances/50/test/instance40_nreq50_nveh2_gamma46.txt",50,SA,0.038999,1676.13
"../instances/50/test/instance40_nreq50_nveh2_gamma46.txt",50,LN,6773.2,1254.11
"../instances/50/test/instance40_nreq50_nveh2_gamma46.txt",50,GA,4318.48,1273.18
"../instances/50/test/instance41_nreq50_nveh2_gamma45.txt",50,DC,0.731399,1541.57
"../instances/50/test/instance41_nreq50_nveh2_gamma45.txt",50,RC,12.9669,1706.67
"../instances/50/test/instance41_nreq50_nveh2_gamma45.txt",50,BS,2.98718,1499.91
"../instances/50/test/instance41_nreq50_nveh2_gamma45.txt",50,VND,70.0494,1157.13
"../instances/50/test/instance41_nreq50_nveh2_gamma45.txt",50,SA,24.683,1524.23
"../instances/50/test/instance41_nreq50_nveh2_gamma45.txt",50,LN,7414.13,1306.59
"../instances/50/test/instance41_nreq50_nveh2_gamma45.txt",50,GA,3886.39,1232.18
"../instances/50/test/instance33_nreq50_nveh2_gamma45.txt",50,DC,0.519123,1548.07
"../instances/50/test/instance33_nreq50_nveh2_gamma45.txt",50,RC,0.833438,1760.41
"../instances/50/test/instance33_nreq50_nveh2_gamma45.txt",50,BS,73.4067,1532.13
"../instances/50/test/instance33_nreq50_nveh2_gamma45.txt",50,VND,91.1394,1126.58
"../instances/50/test/instance33_nreq50_nveh2_gamma45.txt",50,SA,0.234726,1546.38
"../instances/50/test/instance33_nreq50_nveh2_gamma45.txt",50,LN,7389,1266.98
"../instances/50/test/instance33_nreq50_nveh2_gamma45.txt",50,GA,4096.5,1209.22
"../instances/50/test/instance32_nreq50_nveh2_gamma45.txt",50,DC,0.619951,1533.41
"../instances/50/test/instance32_nreq50_nveh2_gamma45.txt",50,RC,0.584642,1836.04
"../instances/50/test/instance32_nreq50_nveh2_gamma45.txt",50,BS,3.10444,1483.86
"../instances/50/test/instance32_nreq50_nveh2_gamma45.txt",50,VND,104.218,1059.61
"../instances/50/test/instance32_nreq50_nveh2_gamma45.txt",50,SA,0.74572,1533.41
"../instances/50/test/instance32_nreq50_nveh2_gamma45.txt",50,LN,7314.1,1281.48
"../instances/50/test/instance32_nreq50_nveh2_gamma45.txt",50,GA,4262.92,1219.93
"../instances/50/test/instance36_nreq50_nveh2_gamma46.txt",50,DC,0.702249,1687.55
"../instances/50/test/instance36_nreq50_nveh2_gamma46.txt",50,RC,1.434,1830.64
"../instances/50/test/instance36_nreq50_nveh2_gamma46.txt",50,BS,5.1059,1588.06
"../instances/50/test/instance36_nreq50_nveh2_gamma46.txt",50,VND,106.763,1189.31
"../instances/50/test/instance36_nreq50_nveh2_gamma46.txt",50,SA,25.2786,1676.27
"../instances/50/test/instance36_nreq50_nveh2_gamma46.txt",50,LN,7991.77,1419.81
"../instances/50/test/instance36_nreq50_nveh2_gamma46.txt",50,GA,3936.67,1293.49
"../instances/50/test/instance54_nreq50_nveh2_gamma49.txt",50,DC,1.84189,1701.05
"../instances/50/test/instance54_nreq50_nveh2_gamma49.txt",50,RC,2.1846,1756.25
"../instances/50/test/instance54_nreq50_nveh2_gamma49.txt",50,BS,25.6672,1696.6
"../instances/50/test/instance54_nreq50_nveh2_gamma49.txt",50,VND,118.287,1078.77
"../instances/50/test/instance54_nreq50_nveh2_gamma49.txt",50,SA,0.596511,1700.24
"../instances/50/test/instance54_nreq50_nveh2_gamma49.txt",50,LN,8816.2,1453.86
"../instances/50/test/instance54_nreq50_nveh2_gamma49.txt",50,GA,4171.12,1373.93
"../instances/50/test/instance58_nreq50_nveh2_gamma45.txt",50,DC,0.517533,1644.37
"../instances/50/test/instance58_nreq50_nveh2_gamma45.txt",50,RC,0.569742,1905.24
"../instances/50/test/instance58_nreq50_nveh2_gamma45.txt",50,BS,2.89996,1531.28
"../instances/50/test/instance58_nreq50_nveh2_gamma45.txt",50,VND,37.0891,1037.4
"../instances/50/test/instance58_nreq50_nveh2_gamma45.txt",50,SA,0.510773,1641.72
"../instances/50/test/instance58_nreq50_nveh2_gamma45.txt",50,LN,4563.33,1235.98
"../instances/50/test/instance58_nreq50_nveh2_gamma45.txt",50,GA,2415.12,1243.35
"../instances/50/test/instance39_nreq50_nveh2_gamma43.txt",50,DC,0.484643,1572.93
"../instances/50/test/instance39_nreq50_nveh2_gamma43.txt",50,RC,0.576452,1694.47
"../instances/50/test/instance39_nreq50_nveh2_gamma43.txt",50,BS,3.33239,1438.78
"../instances/50/test/instance39_nreq50_nveh2_gamma43.txt",50,VND,34.3779,1086.12
"../instances/50/test/instance39_nreq50_nveh2_gamma43.txt",50,SA,0.589151,1572.93
"../instances/50/test/instance39_nreq50_nveh2_gamma43.txt",50,LN,5169.11,1178.64
"../instances/50/test/instance39_nreq50_nveh2_gamma43.txt",50,GA,2857.99,1125.09
"../instances/50/test/instance49_nreq50_nveh2_gamma44.txt",50,DC,0.512222,1644.09
"../instances/50/test/instance49_nreq50_nveh2_gamma44.txt",50,RC,0.565992,1728.05
"../instances/50/test/instance49_nreq50_nveh2_gamma44.txt",50,BS,3.06116,1449.27
"../instances/50/test/instance49_nreq50_nveh2_gamma44.txt",50,VND,38.477,1044.92
"../instances/50/test/instance49_nreq50_nveh2_gamma44.txt",50,SA,0.012211,1642.56
"../instances/50/test/instance49_nreq50_nveh2_gamma44.txt",50,LN,5142.94,1300.23
"../instances/50/test/instance49_nreq50_nveh2_gamma44.txt",50,GA,2571.42,1204.94
"../instances/50/test/instance46_nreq50_nveh2_gamma47.txt",50,DC,0.515912,1828.01
"../instances/50/test/instance46_nreq50_nveh2_gamma47.txt",50,RC,0.606211,1951.92
"../instances/50/test/instance46_nreq50_nveh2_gamma47.txt",50,BS,3.53742,1656.63
"../instances/50/test/instance46_nreq50_nveh2_gamma47.txt",50,VND,14.192,1804.27
"../instances/50/test/instance46_nreq50_nveh2_gamma47.txt",50,SA,0.61276,1822.7
"../instances/50/test/instance46_nreq50_nveh2_gamma47.txt",50,LN,6044.93,1489.84
"../instances/50/test/instance46_nreq50_nveh2_gamma47.txt",50,GA,2792.51,1348.05
"../instances/100/test/instance53_nreq100_nveh2_gamma85.txt",100,DC,1.08658,3822.34
"../instances/100/test/instance53_nreq100_nveh2_gamma85.txt",100,RC,1.1149,4163.14
"../instances/100/test/instance53_nreq100_nveh2_gamma85.txt",100,BS,10.0016,3624.6
"../instances/100/test/instance53_nreq100_nveh2_gamma85.txt",100,VND,207.148,2274.01
"../instances/100/test/instance53_nreq100_nveh2_gamma85.txt",100,SA,1.33327,3822.34
"../instances/100/test/instance53_nreq100_nveh2_gamma85.txt",100,LN,43980.9,3222.52
"../instances/100/test/instance53_nreq100_nveh2_gamma85.txt",100,GA,13899.9,3191.92
"../instances/100/test/instance42_nreq100_nveh2_gamma87.txt",100,DC,0.874178,4028.9
"../instances/100/test/instance42_nreq100_nveh2_gamma87.txt",100,RC,1.0813,4171.32
"../instances/100/test/instance42_nreq100_nveh2_gamma87.txt",100,BS,8.7316,3841.75
"../instances/100/test/instance42_nreq100_nveh2_gamma87.txt",100,VND,170.645,2562.88
"../instances/100/test/instance42_nreq100_nveh2_gamma87.txt",100,SA,58.9162,3968.01
"../instances/100/test/instance42_nreq100_nveh2_gamma87.txt",100,LN,47156.6,3261.37
"../instances/100/test/instance42_nreq100_nveh2_gamma87.txt",100,GA,11842.8,3224.25
"../instances/100/test/instance47_nreq100_nveh2_gamma90.txt",100,DC,0.984515,4264.4
"../instances/100/test/instance47_nreq100_nveh2_gamma90.txt",100,RC,1.25877,4506.57
"../instances/100/test/instance47_nreq100_nveh2_gamma90.txt",100,BS,11.0999,3965.37
"../instances/100/test/instance47_nreq100_nveh2_gamma90.txt",100,VND,138.651,2843.59
"../instances/100/test/instance47_nreq100_nveh2_gamma90.txt",100,SA,7.69239,4236.75
"../instances/100/test/instance47_nreq100_nveh2_gamma90.txt",100,LN,51442.6,3467.55
"../instances/100/test/instance47_nreq100_nveh2_gamma90.txt",100,GA,11654.7,3280.71
"../instances/100/test/instance41_nreq100_nveh2_gamma86.txt",100,DC,0.945986,3498.07
"../instances/100/test/instance41_nreq100_nveh2_gamma86.txt",100,RC,1.13401,3620.43
"../instances/100/test/instance41_nreq100_nveh2_gamma86.txt",100,BS,10.7809,3346.03
"../instances/100/test/instance41_nreq100_nveh2_gamma86.txt",100,VND,149.409,2210.18
"../instances/100/test/instance41_nreq100_nveh2_gamma86.txt",100,SA,45.2986,3497.44
"../instances/100/test/instance41_nreq100_nveh2_gamma86.txt",100,LN,54190,2623.22
"../instances/100/test/instance41_nreq100_nveh2_gamma86.txt",100,GA,11982.7,2826.58
"../instances/100/test/instance39_nreq100_nveh2_gamma92.txt",100,DC,1.14505,3983.53
"../instances/100/test/instance39_nreq100_nveh2_gamma92.txt",100,RC,1.16956,4310.63
"../instances/100/test/instance39_nreq100_nveh2_gamma92.txt",100,BS,12.6848,3580.85
"../instances/100/test/instance39_nreq100_nveh2_gamma92.txt",100,VND,179.278,2536.76
"../instances/100/test/instance39_nreq100_nveh2_gamma92.txt",100,SA,0.829347,3972.16
"../instances/100/test/instance39_nreq100_nveh2_gamma92.txt",100,LN,54170.5,3212
"../instances/100/test/instance39_nreq100_nveh2_gamma92.txt",100,GA,12897.3,3308.59
"../instances/100/test/instance31_nreq100_nveh2_gamma86.txt",100,DC,0.902257,4025.88
"../instances/100/test/instance31_nreq100_nveh2_gamma86.txt",100,RC,1.1171,4304.28
"../instances/100/test/instance31_nreq100_nveh2_gamma86.txt",100,BS,10.62,3402.25
"../instances/100/test/instance31_nreq100_nveh2_gamma86.txt",100,VND,146.463,2689.49
"../instances/100/test/instance31_nreq100_nveh2_gamma86.txt",100,SA,0.871587,4025.88
"../instances/100/test/instance31_nreq100_nveh2_gamma86.txt",100,LN,55371.6,3012.24
"../instances/100/test/instance31_nreq100_nveh2_gamma86.txt",100,GA,12133.3,3153.04
"../instances/100/test/instance38_nreq100_nveh2_gamma88.txt",100,DC,0.939266,3963.82
"../instances/100/test/instance38_nreq100_nveh2_gamma88.txt",100,RC,1.06795,4460.24
"../instances/100/test/instance38_nreq100_nveh2_gamma88.txt",100,BS,10.1203,3832.04
"../instances/100/test/instance38_nreq100_nveh2_gamma88.txt",100,VND,166.818,2522.04
"../instances/100/test/instance38_nreq100_nveh2_gamma88.txt",100,SA,1.09641,3952.77
"../instances/100/test/instance38_nreq100_nveh2_gamma88.txt",100,LN,55859.1,3142.73
"../instances/100/test/instance38_nreq100_nveh2_gamma88.txt",100,GA,11967.5,3346.34
"../instances/100/test/instance58_nreq100_nveh2_gamma91.txt",100,DC,0.898527,4360.99
"../instances/100/test/instance58_nreq100_nveh2_gamma91.txt",100,RC,1.21793,4901.13
"../instances/100/test/instance58_nreq100_nveh2_gamma91.txt",100,BS,8.43584,4035.4
"../instances/100/test/instance58_nreq100_nveh2_gamma91.txt",100,VND,235.271,2526.02
"../instances/100/test/instance58_nreq100_nveh2_gamma91.txt",100,SA,0.804188,4351.76
"../instances/100/test/instance58_nreq100_nveh2_gamma91.txt",100,LN,56152,3607.47
"../instances/100/test/instance58_nreq100_nveh2_gamma91.txt",100,GA,12787.7,3423.65
"../instances/100/test/instance52_nreq100_nveh2_gamma89.txt",100,DC,0.924307,3545.89
"../instances/100/test/instance52_nreq100_nveh2_gamma89.txt",100,RC,1.36019,4100.59
"../instances/100/test/instance52_nreq100_nveh2_gamma89.txt",100,BS,11.452,3491.51
"../instances/100/test/instance52_nreq100_nveh2_gamma89.txt",100,VND,133.829,2470.1
"../instances/100/test/instance52_nreq100_nveh2_gamma89.txt",100,SA,0.905967,3545.89
"../instances/100/test/instance52_nreq100_nveh2_gamma89.txt",100,LN,57959.3,3048.92
"../instances/100/test/instance52_nreq100_nveh2_gamma89.txt",100,GA,12191,3147.87
"../instances/100/test/instance60_nreq100_nveh2_gamma87.txt",100,DC,1.24149,3659.39
"../instances/100/test/instance60_nreq100_nveh2_gamma87.txt",100,RC,1.35724,4073.85
"../instances/100/test/instance60_nreq100_nveh2_gamma87.txt",100,BS,11.2561,3525.94
"../instances/100/test/instance60_nreq100_nveh2_gamma87.txt",100,VND,206.125,2380.67
"../instances/100/test/instance60_nreq100_nveh2_gamma87.txt",100,SA,1.72191,3654.32
"../instances/100/test/instance60_nreq100_nveh2_gamma87.txt",100,LN,55676,3095.77
"../instances/100/test/instance60_nreq100_nveh2_gamma87.txt",100,GA,14735,2997.12
"../instances/100/test/instance37_nreq100_nveh2_gamma89.txt",100,DC,1.04238,3929
"../instances/100/test/instance37_nreq100_nveh2_gamma89.txt",100,RC,1.20473,4105.58
"../instances/100/test/instance37_nreq100_nveh2_gamma89.txt",100,BS,11.4496,3823.95
"../instances/100/test/instance37_nreq100_nveh2_gamma89.txt",100,VND,164.412,2580.98
"../instances/100/test/instance37_nreq100_nveh2_gamma89.txt",100,SA,0.03089,3900.77
"../instances/100/test/instance37_nreq100_nveh2_gamma89.txt",100,LN,58302.9,3309.07
"../instances/100/test/instance37_nreq100_nveh2_gamma89.txt",100,GA,12345.3,3339.87
"../instances/100/test/instance49_nreq100_nveh2_gamma87.txt",100,DC,1.11572,3756.76
"../instances/100/test/instance49_nreq100_nveh2_gamma87.txt",100,RC,1.13794,4171.34
"../instances/100/test/instance49_nreq100_nveh2_gamma87.txt",100,BS,11.3598,3387.38
"../instances/100/test/instance49_nreq100_nveh2_gamma87.txt",100,VND,213.141,2297.46
"../instances/100/test/instance49_nreq100_nveh2_gamma87.txt",100,SA,1.2468,3756.76
"../instances/100/test/instance49_nreq100_nveh2_gamma87.txt",100,LN,58578.6,3161.59
"../instances/100/test/instance49_nreq100_nveh2_gamma87.txt",100,GA,12146.8,3038.17
"../instances/100/test/instance33_nreq100_nveh2_gamma92.txt",100,DC,0.895137,3966.21
"../instances/100/test/instance33_nreq100_nveh2_gamma92.txt",100,RC,1.30814,4510.67
"../instances/100/test/instance33_nreq100_nveh2_gamma92.txt",100,BS,22.4036,3736.42
"../instances/100/test/instance33_nreq100_nveh2_gamma92.txt",100,VND,177.09,3834.93
"../instances/100/test/instance33_nreq100_nveh2_gamma92.txt",100,SA,0.0015,3966.21
"../instances/100/test/instance33_nreq100_nveh2_gamma92.txt",100,LN,58412.3,3399.17
"../instances/100/test/instance33_nreq100_nveh2_gamma92.txt",100,GA,12801.3,3236.38
"../instances/100/test/instance35_nreq100_nveh2_gamma89.txt",100,DC,0.908117,4208.45
"../instances/100/test/instance35_nreq100_nveh2_gamma89.txt",100,RC,1.05341,4152.93
"../instances/100/test/instance35_nreq100_nveh2_gamma89.txt",100,BS,11.0849,3507.15
"../instances/100/test/instance35_nreq100_nveh2_gamma89.txt",100,VND,156.444,2667.67
"../instances/100/test/instance35_nreq100_nveh2_gamma89.txt",100,SA,0.100579,4203.32
"../instances/100/test/instance35_nreq100_nveh2_gamma89.txt",100,LN,59133.6,3091.74
"../instances/100/test/instance35_nreq100_nveh2_gamma89.txt",100,GA,13039.2,3046.21
"../instances/100/test/instance57_nreq100_nveh2_gamma91.txt",100,DC,0.931686,3996.68
"../instances/100/test/instance57_nreq100_nveh2_gamma91.txt",100,RC,1.34272,4231.98
"../instances/100/test/instance57_nreq100_nveh2_gamma91.txt",100,BS,12.4729,3724.09
"../instances/100/test/instance57_nreq100_nveh2_gamma91.txt",100,VND,237.229,2718.52
"../instances/100/test/instance57_nreq100_nveh2_gamma91.txt",100,SA,1.48385,3990.99
"../instances/100/test/instance57_nreq100_nveh2_gamma91.txt",100,LN,63205.3,3329.39
"../instances/100/test/instance57_nreq100_nveh2_gamma91.txt",100,GA,12168.9,3327.75
"../instances/100/test/instance51_nreq100_nveh2_gamma93.txt",100,DC,1.01608,4118.81
"../instances/100/test/instance51_nreq100_nveh2_gamma93.txt",100,RC,1.20055,4487.22
"../instances/100/test/instance51_nreq100_nveh2_gamma93.txt",100,BS,11.3436,3936.32
"../instances/100/test/instance51_nreq100_nveh2_gamma93.txt",100,VND,218.033,2432.66
"../instances/100/test/instance51_nreq100_nveh2_gamma93.txt",100,SA,1.35499,4118.81
"../instances/100/test/instance51_nreq100_nveh2_gamma93.txt",100,LN,70292.6,3338.63
"../instances/100/test/instance51_nreq100_nveh2_gamma93.txt",100,GA,9901.9,3259.75
"../instances/100/test/instance56_nreq100_nveh2_gamma89.txt",100,DC,0.923796,3765
"../instances/100/test/instance56_nreq100_nveh2_gamma89.txt",100,RC,1.19192,4019.77
"../instances/100/test/instance56_nreq100_nveh2_gamma89.txt",100,BS,10.4617,3535.35
"../instances/100/test/instance56_nreq100_nveh2_gamma89.txt",100,VND,99.1055,3698.92
"../instances/100/test/instance56_nreq100_nveh2_gamma89.txt",100,SA,1.00133,3765
"../instances/100/test/instance56_nreq100_nveh2_gamma89.txt",100,LN,43011.5,3174.64
"../instances/100/test/instance56_nreq100_nveh2_gamma89.txt",100,GA,8378.65,3214
"../instances/100/test/instance36_nreq100_nveh2_gamma90.txt",100,DC,0.933326,4129.48
"../instances/100/test/instance36_nreq100_nveh2_gamma90.txt",100,RC,1.16891,4129.83
"../instances/100/test/instance36_nreq100_nveh2_gamma90.txt",100,BS,10.5281,3732.99
"../instances/100/test/instance36_nreq100_nveh2_gamma90.txt",100,VND,61.2166,2718
"../instances/100/test/instance36_nreq100_nveh2_gamma90.txt",100,SA,0.079038,4128.03
"../instances/100/test/instance36_nreq100_nveh2_gamma90.txt",100,LN,42967.3,3387.15
"../instances/100/test/instance36_nreq100_nveh2_gamma90.txt",100,GA,9968.13,3328.51
"../instances/100/test/instance59_nreq100_nveh2_gamma96.txt",100,DC,0.996266,4374.61
"../instances/100/test/instance59_nreq100_nveh2_gamma96.txt",100,RC,1.21372,4629.48
"../instances/100/test/instance59_nreq100_nveh2_gamma96.txt",100,BS,11.4878,4341.71
"../instances/100/test/instance59_nreq100_nveh2_gamma96.txt",100,VND,67.0513,3239.77
"../instances/100/test/instance59_nreq100_nveh2_gamma96.txt",100,SA,1.01106,4374.61
"../instances/100/test/instance59_nreq100_nveh2_gamma96.txt",100,LN,41033.9,3769.41
"../instances/100/test/instance59_nreq100_nveh2_gamma96.txt",100,GA,8445.61,3760.41
"../instances/100/test/instance50_nreq100_nveh2_gamma91.txt",100,DC,0.936047,3983.92
"../instances/100/test/instance50_nreq100_nveh2_gamma91.txt",100,RC,1.16955,4468.27
"../instances/100/test/instance50_nreq100_nveh2_gamma91.txt",100,BS,9.83295,4125.5
"../instances/100/test/instance50_nreq100_nveh2_gamma91.txt",100,VND,85.0029,2700.84
"../instances/100/test/instance50_nreq100_nveh2_gamma91.txt",100,SA,0.01307,3980.05
"../instances/100/test/instance50_nreq100_nveh2_gamma91.txt",100,LN,38294.3,3552.81
"../instances/100/test/instance50_nreq100_nveh2_gamma91.txt",100,GA,11104.9,3553.96
"../instances/200/test/instance38_nreq200_nveh4_gamma164.txt",200,DC,2.51286,10579.1
"../instances/200/test/instance38_nreq200_nveh4_gamma164.txt",200,RC,2.92853,10622.9
"../instances/200/test/instance38_nreq200_nveh4_gamma164.txt",200,BS,18.9533,10035
"../instances/200/test/instance38_nreq200_nveh4_gamma164.txt",200,VND,270.906,6546.18
"../instances/200/test/instance38_nreq200_nveh4_gamma164.txt",200,SA,0.035979,10520.5
"../instances/200/test/instance38_nreq200_nveh4_gamma164.txt",200,LN,69136.5,8023.81
"../instances/200/test/instance38_nreq200_nveh4_gamma164.txt",200,GA,19671.6,8845.77
"../instances/200/test/instance56_nreq200_nveh4_gamma171.txt",200,DC,2.21915,9685.82
"../instances/200/test/instance56_nreq200_nveh4_gamma171.txt",200,RC,2.60044,9948.73
"../instances/200/test/instance56_nreq200_nveh4_gamma171.txt",200,BS,21.2604,9993.74
"../instances/200/test/instance56_nreq200_nveh4_gamma171.txt",200,VND,217.327,6414.87
"../instances/200/test/instance56_nreq200_nveh4_gamma171.txt",200,SA,1.0226,9685.82
"../instances/200/test/instance56_nreq200_nveh4_gamma171.txt",200,LN,82540.5,7921.64
"../instances/200/test/instance56_nreq200_nveh4_gamma171.txt",200,GA,26527.5,8595.56
"../instances/200/test/instance60_nreq200_nveh4_gamma178.txt",200,DC,2.1347,11584.2
"../instances/200/test/instance60_nreq200_nveh4_gamma178.txt",200,RC,2.78288,11642.4
"../instances/200/test/instance60_nreq200_nveh4_gamma178.txt",200,BS,22.1203,10994.8
"../instances/200/test/instance60_nreq200_nveh4_gamma178.txt",200,VND,253.402,7708.22
"../instances/200/test/instance60_nreq200_nveh4_gamma178.txt",200,SA,0.250737,11467.6
"../instances/200/test/instance60_nreq200_nveh4_gamma178.txt",200,LN,87251.8,9309.13
"../instances/200/test/instance60_nreq200_nveh4_gamma178.txt",200,GA,25152.5,9830.05
"../instances/200/test/instance57_nreq200_nveh4_gamma172.txt",200,DC,2.6523,10494.2
"../instances/200/test/instance57_nreq200_nveh4_gamma172.txt",200,RC,2.94367,10953.7
"../instances/200/test/instance57_nreq200_nveh4_gamma172.txt",200,BS,20.4707,9927.1
"../instances/200/test/instance57_nreq200_nveh4_gamma172.txt",200,VND,179.615,6988.73
"../instances/200/test/instance57_nreq200_nveh4_gamma172.txt",200,SA,0.507543,10333.6
"../instances/200/test/instance57_nreq200_nveh4_gamma172.txt",200,LN,85760.4,8326.57
"../instances/200/test/instance57_nreq200_nveh4_gamma172.txt",200,GA,27552.3,8913.17
"../instances/200/test/instance39_nreq200_nveh4_gamma186.txt",200,DC,2.43664,12385.3
"../instances/200/test/instance39_nreq200_nveh4_gamma186.txt",200,RC,3.17608,13088.8
"../instances/200/test/instance39_nreq200_nveh4_gamma186.txt",200,BS,22.287,11873.6
"../instances/200/test/instance39_nreq200_nveh4_gamma186.txt",200,VND,383.19,10244.5
"../instances/200/test/instance39_nreq200_nveh4_gamma186.txt",200,SA,1.1781,12385.3
"../instances/200/test/instance39_nreq200_nveh4_gamma186.txt",200,LN,88319.6,9933.81
"../instances/200/test/instance39_nreq200_nveh4_gamma186.txt",200,GA,27474.3,10640.8
"../instances/200/test/instance45_nreq200_nveh4_gamma180.txt",200,DC,2.26333,10575.1
"../instances/200/test/instance45_nreq200_nveh4_gamma180.txt",200,RC,3.0018,11849.9
"../instances/200/test/instance45_nreq200_nveh4_gamma180.txt",200,BS,25.4686,10593.9
"../instances/200/test/instance45_nreq200_nveh4_gamma180.txt",200,VND,181.894,7625.34
"../instances/200/test/instance45_nreq200_nveh4_gamma180.txt",200,SA,0.065279,10564.7
"../instances/200/test/instance45_nreq200_nveh4_gamma180.txt",200,LN,89814.9,8713.02
"../instances/200/test/instance45_nreq200_nveh4_gamma180.txt",200,GA,27940.9,9537.66
"../instances/200/test/instance54_nreq200_nveh4_gamma174.txt",200,DC,2.65356,10837.1
"../instances/200/test/instance54_nreq200_nveh4_gamma174.txt",200,RC,2.95202,11048.9
"../instances/200/test/instance54_nreq200_nveh4_gamma174.txt",200,BS,19.6223,11197.9
"../instances/200/test/instance54_nreq200_nveh4_gamma174.txt",200,VND,212.087,7324.62
"../instances/200/test/instance54_nreq200_nveh4_gamma174.txt",200,SA,1.04523,10837.1
"../instances/200/test/instance54_nreq200_nveh4_gamma174.txt",200,LN,92880.2,8843.04
"../instances/200/test/instance54_nreq200_nveh4_gamma174.txt",200,GA,25476,9378.66
"../instances/200/test/instance50_nreq200_nveh4_gamma170.txt",200,DC,2.59348,9410.87
"../instances/200/test/instance50_nreq200_nveh4_gamma170.txt",200,RC,3.06316,10704.8
"../instances/200/test/instance50_nreq200_nveh4_gamma170.txt",200,BS,22.1108,9001.66
"../instances/200/test/instance50_nreq200_nveh4_gamma170.txt",200,VND,217.914,6542.24
"../instances/200/test/instance50_nreq200_nveh4_gamma170.txt",200,SA,1.0205,9410.87
"../instances/200/test/instance50_nreq200_nveh4_gamma170.txt",200,LN,97023.4,8250.12
"../instances/200/test/instance50_nreq200_nveh4_gamma170.txt",200,GA,24428.2,8302.24
"../instances/200/test/instance58_nreq200_nveh4_gamma187.txt",200,DC,2.35648,12243.2
"../instances/200/test/instance58_nreq200_nveh4_gamma187.txt",200,RC,3.43337,12661.7
"../instances/200/test/instance58_nreq200_nveh4_gamma187.txt",200,BS,24.3142,11564.9
"../instances/200/test/instance58_nreq200_nveh4_gamma187.txt",200,VND,381.157,8170.79
"../instances/200/test/instance58_nreq200_nveh4_gamma187.txt",200,SA,0.220177,12229.5
"../instances/200/test/instance58_nreq200_nveh4_gamma187.txt",200,LN,96292,9862.24
"../instances/200/test/instance58_nreq200_nveh4_gamma187.txt",200,GA,27365.2,10509
"../instances/200/test/instance46_nreq200_nveh4_gamma178.txt",200,DC,2.71165,11172.3
"../instances/200/test/instance46_nreq200_nveh4_gamma178.txt",200,RC,3.02465,11696.4
"../instances/200/test/instance46_nreq200_nveh4_gamma178.txt",200,BS,22.1184,10906
"../instances/200/test/instance46_nreq200_nveh4_gamma178.txt",200,VND,227.054,7593.46
"../instances/200/test/instance46_nreq200_nveh4_gamma178.txt",200,SA,0.229716,11144.7
"../instances/200/test/instance46_nreq200_nveh4_gamma178.txt",200,LN,96028.1,8946.89
"../instances/200/test/instance46_nreq200_nveh4_gamma178.txt",200,GA,28470.1,9616.65
"../instances/200/test/instance34_nreq200_nveh4_gamma184.txt",200,DC,2.41999,11482.2
"../instances/200/test/instance34_nreq200_nveh4_gamma184.txt",200,RC,3.37145,12118.1
"../instances/200/test/instance34_nreq200_nveh4_gamma184.txt",200,BS,21.3248,11539.7
"../instances/200/test/instance34_nreq200_nveh4_gamma184.txt",200,VND,244.127,7529.06
"../instances/200/test/instance34_nreq200_nveh4_gamma184.txt",200,SA,1.21696,11482.2
"../instances/200/test/instance34_nreq200_nveh4_gamma184.txt",200,LN,99743.4,9080.32
"../instances/200/test/instance34_nreq200_nveh4_gamma184.txt",200,GA,26959.3,9706.34
"../instances/200/test/instance37_nreq200_nveh4_gamma191.txt",200,DC,2.46941,11829
"../instances/200/test/instance37_nreq200_nveh4_gamma191.txt",200,RC,3.1688,12450.6
"../instances/200/test/instance37_nreq200_nveh4_gamma191.txt",200,BS,27.6751,11951.2
"../instances/200/test/instance37_nreq200_nveh4_gamma191.txt",200,VND,253.879,8817.55
"../instances/200/test/instance37_nreq200_nveh4_gamma191.txt",200,SA,1.28842,11829
"../instances/200/test/instance37_nreq200_nveh4_gamma191.txt",200,LN,98183.7,9553.28
"../instances/200/test/instance37_nreq200_nveh4_gamma191.txt",200,GA,30859.8,10379.7
"../instances/200/test/instance31_nreq200_nveh4_gamma192.txt",200,DC,2.48385,12624.3
"../instances/200/test/instance31_nreq200_nveh4_gamma192.txt",200,RC,3.09982,13480.6
"../instances/200/test/instance31_nreq200_nveh4_gamma192.txt",200,BS,26.418,11596
"../instances/200/test/instance31_nreq200_nveh4_gamma192.txt",200,VND,256.219,7982.61
"../instances/200/test/instance31_nreq200_nveh4_gamma192.txt",200,SA,0.058299,12607
"../instances/200/test/instance31_nreq200_nveh4_gamma192.txt",200,LN,98412.4,9892.02
"../instances/200/test/instance31_nreq200_nveh4_gamma192.txt",200,GA,32061.6,10686.2
"../instances/200/test/instance33_nreq200_nveh4_gamma181.txt",200,DC,2.6005,10822.3
"../instances/200/test/instance33_nreq200_nveh4_gamma181.txt",200,RC,3.07973,11204.2
"../instances/200/test/instance33_nreq200_nveh4_gamma181.txt",200,BS,22.4912,10114.6
"../instances/200/test/instance33_nreq200_nveh4_gamma181.txt",200,VND,254.196,7212.43
"../instances/200/test/instance33_nreq200_nveh4_gamma181.txt",200,SA,0.00895,10815.9
"../instances/200/test/instance33_nreq200_nveh4_gamma181.txt",200,LN,103548,8592.9
"../instances/200/test/instance33_nreq200_nveh4_gamma181.txt",200,GA,29289.8,8919.51
"../instances/200/test/instance36_nreq200_nveh4_gamma181.txt",200,DC,2.4634,10785.4
"../instances/200/test/instance36_nreq200_nveh4_gamma181.txt",200,RC,3.35143,11735.3
"../instances/200/test/instance36_nreq200_nveh4_gamma181.txt",200,BS,22.5116,10845.9
"../instances/200/test/instance36_nreq200_nveh4_gamma181.txt",200,VND,264.246,7065.96
"../instances/200/test/instance36_nreq200_nveh4_gamma181.txt",200,SA,1.18399,10785.4
"../instances/200/test/instance36_nreq200_nveh4_gamma181.txt",200,LN,105569,8721.39
"../instances/200/test/instance36_nreq200_nveh4_gamma181.txt",200,GA,31877.8,9256.03
"../instances/200/test/instance44_nreq200_nveh4_gamma183.txt",200,DC,2.63921,11322.5
"../instances/200/test/instance44_nreq200_nveh4_gamma183.txt",200,RC,3.16153,12151.9
"../instances/200/test/instance44_nreq200_nveh4_gamma183.txt",200,BS,23.7119,10952.2
"../instances/200/test/instance44_nreq200_nveh4_gamma183.txt",200,VND,273.734,6986.55
"../instances/200/test/instance44_nreq200_nveh4_gamma183.txt",200,SA,0.399963,11312.9
"../instances/200/test/instance44_nreq200_nveh4_gamma183.txt",200,LN,112149,8874.9
"../instances/200/test/instance44_nreq200_nveh4_gamma183.txt",200,GA,26039.3,9705.5
"../instances/200/test/instance53_nreq200_nveh4_gamma167.txt",200,DC,2.3982,10405.2
"../instances/200/test/instance53_nreq200_nveh4_gamma167.txt",200,RC,2.84689,11159.6
"../instances/200/test/instance53_nreq200_nveh4_gamma167.txt",200,BS,17.7077,10374
"../instances/200/test/instance53_nreq200_nveh4_gamma167.txt",200,VND,106.19,6706.74
"../instances/200/test/instance53_nreq200_nveh4_gamma167.txt",200,SA,1.33448,10403.8
"../instances/200/test/instance53_nreq200_nveh4_gamma167.txt",200,LN,64035.8,8548.14
"../instances/200/test/instance53_nreq200_nveh4_gamma167.txt",200,GA,15133.8,8923.19
"../instances/200/test/instance47_nreq200_nveh4_gamma184.txt",200,DC,2.649,11995.3
"../instances/200/test/instance47_nreq200_nveh4_gamma184.txt",200,RC,3.15652,12949.9
"../instances/200/test/instance47_nreq200_nveh4_gamma184.txt",200,BS,20.4559,11514.5
"../instances/200/test/instance47_nreq200_nveh4_gamma184.txt",200,VND,88.101,8145.18
"../instances/200/test/instance47_nreq200_nveh4_gamma184.txt",200,SA,0.046059,11907.7
"../instances/200/test/instance47_nreq200_nveh4_gamma184.txt",200,LN,66474.4,10118.6
"../instances/200/test/instance47_nreq200_nveh4_gamma184.txt",200,GA,18904.5,10300
"../instances/200/test/instance51_nreq200_nveh4_gamma172.txt",200,DC,2.47124,10592.6
"../instances/200/test/instance51_nreq200_nveh4_gamma172.txt",200,RC,2.97016,10917.3
"../instances/200/test/instance51_nreq200_nveh4_gamma172.txt",200,BS,22.0254,10234.6
"../instances/200/test/instance51_nreq200_nveh4_gamma172.txt",200,VND,90.3597,7730.97
"../instances/200/test/instance51_nreq200_nveh4_gamma172.txt",200,SA,0.00871,10585.2
"../instances/200/test/instance51_nreq200_nveh4_gamma172.txt",200,LN,68693.8,8415.57
"../instances/200/test/instance51_nreq200_nveh4_gamma172.txt",200,GA,17473,8913.9
"../instances/200/test/instance40_nreq200_nveh4_gamma183.txt",200,DC,2.63466,10553.4
"../instances/200/test/instance40_nreq200_nveh4_gamma183.txt",200,RC,3.15752,11525.7
"../instances/200/test/instance40_nreq200_nveh4_gamma183.txt",200,BS,23.7806,10640.9
"../instances/200/test/instance40_nreq200_nveh4_gamma183.txt",200,VND,87.2832,8040.7
"../instances/200/test/instance40_nreq200_nveh4_gamma183.txt",200,SA,0.01442,10510.5
"../instances/200/test/instance40_nreq200_nveh4_gamma183.txt",200,LN,69344.4,8734.8
"../instances/200/test/instance40_nreq200_nveh4_gamma183.txt",200,GA,19538.1,9165.21
"../instances/500/test/instance53_nreq500_nveh10_gamma442.txt",500,DC,12.6823,42997.5
"../instances/500/test/instance53_nreq500_nveh10_gamma442.txt",500,RC,13.8128,44953.9
"../instances/500/test/instance53_nreq500_nveh10_gamma442.txt",500,BS,52.7786,43353.8
"../instances/500/test/instance53_nreq500_nveh10_gamma442.txt",500,VND,991.513,30661.5
"../instances/500/test/instance53_nreq500_nveh10_gamma442.txt",500,SA,0.074439,42982.5
"../instances/500/test/instance53_nreq500_nveh10_gamma442.txt",500,LN,161691,35173.3
"../instances/500/test/instance53_nreq500_nveh10_gamma442.txt",500,GA,68413.1,39082.3
"../instances/500/test/instance45_nreq500_nveh10_gamma480.txt",500,DC,13.8342,48145.5
"../instances/500/test/instance45_nreq500_nveh10_gamma480.txt",500,RC,15.1771,48776.9
"../instances/500/test/instance45_nreq500_nveh10_gamma480.txt",500,BS,60.1882,45828.3
"../instances/500/test/instance45_nreq500_nveh10_gamma480.txt",500,VND,486.124,30981.5
"../instances/500/test/instance45_nreq500_nveh10_gamma480.txt",500,SA,0.01612,48126.7
"../instances/500/test/instance45_nreq500_nveh10_gamma480.txt",500,LN,150977,38729.4
"../instances/500/test/instance45_nreq500_nveh10_gamma480.txt",500,GA,82988,41521.7
"../instances/500/test/instance59_nreq500_nveh10_gamma448.txt",500,DC,12.836,43208.6
"../instances/500/test/instance59_nreq500_nveh10_gamma448.txt",500,RC,14.0513,43278.2
"../instances/500/test/instance59_nreq500_nveh10_gamma448.txt",500,BS,57.85,39871.5
"../instances/500/test/instance59_nreq500_nveh10_gamma448.txt",500,VND,639.067,28913.9
"../instances/500/test/instance59_nreq500_nveh10_gamma448.txt",500,SA,1.66701,43208.6
"../instances/500/test/instance59_nreq500_nveh10_gamma448.txt",500,LN,166206,35991
"../instances/500/test/instance59_nreq500_nveh10_gamma448.txt",500,GA,71309.9,37307.7
"../instances/500/test/instance31_nreq500_nveh10_gamma465.txt",500,DC,13.5726,45116.7
"../instances/500/test/instance31_nreq500_nveh10_gamma465.txt",500,RC,14.9163,46515.6
"../instances/500/test/instance31_nreq500_nveh10_gamma465.txt",500,BS,59.3272,43915.4
"../instances/500/test/instance31_nreq500_nveh10_gamma465.txt",500,VND,616.626,29159.5
"../instances/500/test/instance31_nreq500_nveh10_gamma465.txt",500,SA,0.209636,45045.1
"../instances/500/test/instance31_nreq500_nveh10_gamma465.txt",500,LN,154952,36611.2
"../instances/500/test/instance31_nreq500_nveh10_gamma465.txt",500,GA,83194.3,40386.5
"../instances/500/test/instance43_nreq500_nveh10_gamma457.txt",500,DC,13.2054,43546.7
"../instances/500/test/instance43_nreq500_nveh10_gamma457.txt",500,RC,14.5448,44261.8
"../instances/500/test/instance43_nreq500_nveh10_gamma457.txt",500,BS,60.6294,42539.4
"../instances/500/test/instance43_nreq500_nveh10_gamma457.txt",500,VND,645.202,27108.5
"../instances/500/test/instance43_nreq500_nveh10_gamma457.txt",500,SA,1.46555,43546.7
"../instances/500/test/instance43_nreq500_nveh10_gamma457.txt",500,LN,164001,34967.6
"../instances/500/test/instance43_nreq500_nveh10_gamma457.txt",500,GA,78919.2,37652
"../instances/500/test/instance46_nreq500_nveh10_gamma436.txt",500,DC,12.8667,41797.9
"../instances/500/test/instance46_nreq500_nveh10_gamma436.txt",500,RC,13.779,42465.2
"../instances/500/test/instance46_nreq500_nveh10_gamma436.txt",500,BS,56.3011,40017.6
"../instances/500/test/instance46_nreq500_nveh10_gamma436.txt",500,VND,884.171,28931.9
"../instances/500/test/instance46_nreq500_nveh10_gamma436.txt",500,SA,0.035109,41769.9
"../instances/500/test/instance46_nreq500_nveh10_gamma436.txt",500,LN,171544,33582
"../instances/500/test/instance46_nreq500_nveh10_gamma436.txt",500,GA,75351.9,35925.8
"../instances/500/test/instance49_nreq500_nveh10_gamma446.txt",500,DC,13.3537,39986.2
"../instances/500/test/instance49_nreq500_nveh10_gamma446.txt",500,RC,14.0016,41666.5
"../instances/500/test/instance49_nreq500_nveh10_gamma446.txt",500,BS,56.4331,39821.4
"../instances/500/test/instance49_nreq500_nveh10_gamma446.txt",500,VND,320.685,28413.7
"../instances/500/test/instance49_nreq500_nveh10_gamma446.txt",500,SA,11.8705,39703.7
"../instances/500/test/instance49_nreq500_nveh10_gamma446.txt",500,LN,166336,32649.5
"../instances/500/test/instance49_nreq500_nveh10_gamma446.txt",500,GA,81790.8,35916.8
"../instances/500/test/instance40_nreq500_nveh10_gamma441.txt",500,DC,11.738,40454.1
"../instances/500/test/instance40_nreq500_nveh10_gamma441.txt",500,RC,13.8949,41980.1
"../instances/500/test/instance40_nreq500_nveh10_gamma441.txt",500,BS,57.6434,38941.6
"../instances/500/test/instance40_nreq500_nveh10_gamma441.txt",500,VND,530.132,27383.2
"../instances/500/test/instance40_nreq500_nveh10_gamma441.txt",500,SA,0.03061,40431.9
"../instances/500/test/instance40_nreq500_nveh10_gamma441.txt",500,LN,169254,32842.1
"../instances/500/test/instance40_nreq500_nveh10_gamma441.txt",500,GA,81767.3,35888.5
"../instances/500/test/instance34_nreq500_nveh10_gamma458.txt",500,DC,13.0847,44478.3
"../instances/500/test/instance34_nreq500_nveh10_gamma458.txt",500,RC,14.1461,45666.6
"../instances/500/test/instance34_nreq500_nveh10_gamma458.txt",500,BS,55.7837,42107.9
"../instances/500/test/instance34_nreq500_nveh10_gamma458.txt",500,VND,613.606,27966.2
"../instances/500/test/instance34_nreq500_nveh10_gamma458.txt",500,SA,2.60297,44320.8
"../instances/500/test/instance34_nreq500_nveh10_gamma458.txt",500,LN,161067,35706.4
"../instances/500/test/instance34_nreq500_nveh10_gamma458.txt",500,GA,92053.2,37284.2
"../instances/500/test/instance37_nreq500_nveh10_gamma472.txt",500,DC,13.6004,44880.2
"../instances/500/test/instance37_nreq500_nveh10_gamma472.txt",500,RC,14.8863,45383.5
"../instances/500/test/instance37_nreq500_nveh10_gamma472.txt",500,BS,65.6814,43999.9
"../instances/500/test/instance37_nreq500_nveh10_gamma472.txt",500,VND,600.109,30601.3
"../instances/500/test/instance37_nreq500_nveh10_gamma472.txt",500,SA,3.12615,44865
"../instances/500/test/instance37_nreq500_nveh10_gamma472.txt",500,LN,166579,37489.9
"../instances/500/test/instance37_nreq500_nveh10_gamma472.txt",500,GA,87568.6,39952.7
"../instances/500/test/instance60_nreq500_nveh10_gamma448.txt",500,DC,12.9209,43094.3
"../instances/500/test/instance60_nreq500_nveh10_gamma448.txt",500,RC,14.0228,43327.6
"../instances/500/test/instance60_nreq500_nveh10_gamma448.txt",500,BS,59.8716,40903
"../instances/500/test/instance60_nreq500_nveh10_gamma448.txt",500,VND,604.253,26890.8
"../instances/500/test/instance60_nreq500_nveh10_gamma448.txt",500,SA,0.082899,43067.6
"../instances/500/test/instance60_nreq500_nveh10_gamma448.txt",500,LN,174375,33567.8
"../instances/500/test/instance60_nreq500_nveh10_gamma448.txt",500,GA,79915.8,36884.1
"../instances/500/test/instance33_nreq500_nveh10_gamma459.txt",500,DC,13.2621,41871.1
"../instances/500/test/instance33_nreq500_nveh10_gamma459.txt",500,RC,14.5505,43293.9
"../instances/500/test/instance33_nreq500_nveh10_gamma459.txt",500,BS,60.7404,42368.3
"../instances/500/test/instance33_nreq500_nveh10_gamma459.txt",500,VND,506.143,28535.9
"../instances/500/test/instance33_nreq500_nveh10_gamma459.txt",500,SA,1.41554,41871.1
"../instances/500/test/instance33_nreq500_nveh10_gamma459.txt",500,LN,157769,34805
"../instances/500/test/instance33_nreq500_nveh10_gamma459.txt",500,GA,97713.5,37870.2
"../instances/500/test/instance44_nreq500_nveh10_gamma470.txt",500,DC,14.072,43965.5
"../instances/500/test/instance44_nreq500_nveh10_gamma470.txt",500,RC,14.9278,44218.4
"../instances/500/test/instance44_nreq500_nveh10_gamma470.txt",500,BS,63.7306,43963.1
"../instances/500/test/instance44_nreq500_nveh10_gamma470.txt",500,VND,605.724,27878.1
"../instances/500/test/instance44_nreq500_nveh10_gamma470.txt",500,SA,0.108738,43813.7
"../instances/500/test/instance44_nreq500_nveh10_gamma470.txt",500,LN,167736,36277.3
"../instances/500/test/instance44_nreq500_nveh10_gamma470.txt",500,GA,92177.2,39408.2
"../instances/500/test/instance52_nreq500_nveh10_gamma461.txt",500,DC,9.77262,46215.8
"../instances/500/test/instance52_nreq500_nveh10_gamma461.txt",500,RC,11.6597,46379
"../instances/500/test/instance52_nreq500_nveh10_gamma461.txt",500,BS,54.9106,44066.3
"../instances/500/test/instance52_nreq500_nveh10_gamma461.txt",500,VND,590.915,28919.6
"../instances/500/test/instance52_nreq500_nveh10_gamma461.txt",500,SA,2.22265,46212.9
"../instances/500/test/instance52_nreq500_nveh10_gamma461.txt",500,LN,167403,36948.3
"../instances/500/test/instance52_nreq500_nveh10_gamma461.txt",500,GA,93241.6,39344.7
"../instances/500/test/instance41_nreq500_nveh10_gamma470.txt",500,DC,13.5845,44006.9
"../instances/500/test/instance41_nreq500_nveh10_gamma470.txt",500,RC,14.9458,44576.5
"../instances/500/test/instance41_nreq500_nveh10_gamma470.txt",500,BS,68.0178,41731.6
"../instances/500/test/instance41_nreq500_nveh10_gamma470.txt",500,VND,628.56,29008.5
"../instances/500/test/instance41_nreq500_nveh10_gamma470.txt",500,SA,1.47795,44006.9
"../instances/500/test/instance41_nreq500_nveh10_gamma470.txt",500,LN,165449,35365.8
"../instances/500/test/instance41_nreq500_nveh10_gamma470.txt",500,GA,98222.2,38568.7
"../instances/500/test/instance50_nreq500_nveh10_gamma456.txt",500,DC,13.5165,42271.1
"../instances/500/test/instance50_nreq500_nveh10_gamma456.txt",500,RC,14.4576,43957.9
"../instances/500/test/instance50_nreq500_nveh10_gamma456.txt",500,BS,59.9096,41352.5
"../instances/500/test/instance50_nreq500_nveh10_gamma456.txt",500,VND,408.068,29115
"../instances/500/test/instance50_nreq500_nveh10_gamma456.txt",500,SA,0.067769,42249.9
"../instances/500/test/instance50_nreq500_nveh10_gamma456.txt",500,LN,170345,35026.5
"../instances/500/test/instance50_nreq500_nveh10_gamma456.txt",500,GA,99369.9,38130
"../instances/500/test/instance32_nreq500_nveh10_gamma448.txt",500,DC,12.7121,42426.3
"../instances/500/test/instance32_nreq500_nveh10_gamma448.txt",500,RC,14.0179,44126.2
"../instances/500/test/instance32_nreq500_nveh10_gamma448.txt",500,BS,59.9309,40522.5
"../instances/500/test/instance32_nreq500_nveh10_gamma448.txt",500,VND,212.952,28265.4
"../instances/500/test/instance32_nreq500_nveh10_gamma448.txt",500,SA,0.03448,42400
"../instances/500/test/instance32_nreq500_nveh10_gamma448.txt",500,LN,110420,34319.2
"../instances/500/test/instance32_nreq500_nveh10_gamma448.txt",500,GA,51038.9,37649.7
"../instances/500/test/instance54_nreq500_nveh10_gamma444.txt",500,DC,12.5822,41735.9
"../instances/500/test/instance54_nreq500_nveh10_gamma444.txt",500,RC,13.7753,42528.6
"../instances/500/test/instance54_nreq500_nveh10_gamma444.txt",500,BS,57.7736,39156.2
"../instances/500/test/instance54_nreq500_nveh10_gamma444.txt",500,VND,179.57,28432
"../instances/500/test/instance54_nreq500_nveh10_gamma444.txt",500,SA,1.47212,41735.9
"../instances/500/test/instance54_nreq500_nveh10_gamma444.txt",500,LN,115039,33567
"../instances/500/test/instance54_nreq500_nveh10_gamma444.txt",500,GA,54482.6,36740.2
"../instances/500/test/instance57_nreq500_nveh10_gamma437.txt",500,DC,12.3466,41187.2
"../instances/500/test/instance57_nreq500_nveh10_gamma437.txt",500,RC,13.5792,41761.4
"../instances/500/test/instance57_nreq500_nveh10_gamma437.txt",500,BS,56.2382,39951.6
"../instances/500/test/instance57_nreq500_nveh10_gamma437.txt",500,VND,149.546,29295.8
"../instances/500/test/instance57_nreq500_nveh10_gamma437.txt",500,SA,0.087049,41169.9
"../instances/500/test/instance57_nreq500_nveh10_gamma437.txt",500,LN,119630,33165.1
"../instances/500/test/instance57_nreq500_nveh10_gamma437.txt",500,GA,59014.3,35949
"../instances/500/test/instance47_nreq500_nveh10_gamma462.txt",500,DC,13.0244,44114.1
"../instances/500/test/instance47_nreq500_nveh10_gamma462.txt",500,RC,14.4116,44152.9
"../instances/500/test/instance47_nreq500_nveh10_gamma462.txt",500,BS,59.6514,44006.8
"../instances/500/test/instance47_nreq500_nveh10_gamma462.txt",500,VND,204.935,30260.4
"../instances/500/test/instance47_nreq500_nveh10_gamma462.txt",500,SA,1.4796,44114.1
"../instances/500/test/instance47_nreq500_nveh10_gamma462.txt",500,LN,118920,35554.4
"../instances/500/test/instance47_nreq500_nveh10_gamma462.txt",500,GA,53537.2,37468.1
"../instances/1000/test/instance32_nreq1000_nveh20_gamma949.txt",1000,DC,36.6598,129400
"../instances/1000/test/instance32_nreq1000_nveh20_gamma949.txt",1000,RC,54.7309,133443
"../instances/1000/test/instance32_nreq1000_nveh20_gamma949.txt",1000,BS,122.352,125401
"../instances/1000/test/instance32_nreq1000_nveh20_gamma949.txt",1000,VND,1178.27,84261.9
"../instances/1000/test/instance32_nreq1000_nveh20_gamma949.txt",1000,SA,3.11824,129384
"../instances/1000/test/instance32_nreq1000_nveh20_gamma949.txt",1000,LN,386111,104194
"../instances/1000/test/instance32_nreq1000_nveh20_gamma949.txt",1000,GA,221433,114547
"../instances/1000/test/instance42_nreq1000_nveh20_gamma908.txt",1000,DC,48.2829,123511
"../instances/1000/test/instance42_nreq1000_nveh20_gamma908.txt",1000,RC,50.4738,128664
"../instances/1000/test/instance42_nreq1000_nveh20_gamma908.txt",1000,BS,115.985,120248
"../instances/1000/test/instance42_nreq1000_nveh20_gamma908.txt",1000,VND,1295.58,82156.3
"../instances/1000/test/instance42_nreq1000_nveh20_gamma908.txt",1000,SA,0.05899,123444
"../instances/1000/test/instance42_nreq1000_nveh20_gamma908.txt",1000,LN,445838,100778
"../instances/1000/test/instance42_nreq1000_nveh20_gamma908.txt",1000,GA,169745,111332
"../instances/1000/test/instance50_nreq1000_nveh20_gamma918.txt",1000,DC,59.3161,124214
"../instances/1000/test/instance50_nreq1000_nveh20_gamma918.txt",1000,RC,50.1306,125393
"../instances/1000/test/instance50_nreq1000_nveh20_gamma918.txt",1000,BS,212.053,117291
"../instances/1000/test/instance50_nreq1000_nveh20_gamma918.txt",1000,VND,1843.26,84299.8
"../instances/1000/test/instance50_nreq1000_nveh20_gamma918.txt",1000,SA,1.86239,124214
"../instances/1000/test/instance50_nreq1000_nveh20_gamma918.txt",1000,LN,437636,99147.7
"../instances/1000/test/instance50_nreq1000_nveh20_gamma918.txt",1000,GA,185361,110651
"../instances/1000/test/instance54_nreq1000_nveh20_gamma911.txt",1000,DC,48.4572,120786
"../instances/1000/test/instance54_nreq1000_nveh20_gamma911.txt",1000,RC,51.0211,123005
"../instances/1000/test/instance54_nreq1000_nveh20_gamma911.txt",1000,BS,117.47,117154
"../instances/1000/test/instance54_nreq1000_nveh20_gamma911.txt",1000,VND,985.982,80801.8
"../instances/1000/test/instance54_nreq1000_nveh20_gamma911.txt",1000,SA,0.05409,120756
"../instances/1000/test/instance54_nreq1000_nveh20_gamma911.txt",1000,LN,437106,98286.2
"../instances/1000/test/instance54_nreq1000_nveh20_gamma911.txt",1000,GA,197373,109242
"../instances/1000/test/instance57_nreq1000_nveh20_gamma933.txt",1000,DC,31.3877,124185
"../instances/1000/test/instance57_nreq1000_nveh20_gamma933.txt",1000,RC,32.5697,126400
"../instances/1000/test/instance57_nreq1000_nveh20_gamma933.txt",1000,BS,95.5449,121361
"../instances/1000/test/instance57_nreq1000_nveh20_gamma933.txt",1000,VND,783.682,86398.6
"../instances/1000/test/instance57_nreq1000_nveh20_gamma933.txt",1000,SA,4.4866,123828
"../instances/1000/test/instance57_nreq1000_nveh20_gamma933.txt",1000,LN,435382,101900
"../instances/1000/test/instance57_nreq1000_nveh20_gamma933.txt",1000,GA,203083,111805
"../instances/1000/test/instance48_nreq1000_nveh20_gamma891.txt",1000,DC,33.6107,116268
"../instances/1000/test/instance48_nreq1000_nveh20_gamma891.txt",1000,RC,44.2141,119659
"../instances/1000/test/instance48_nreq1000_nveh20_gamma891.txt",1000,BS,111.659,114267
"../instances/1000/test/instance48_nreq1000_nveh20_gamma891.txt",1000,VND,1387.68,76873.3
"../instances/1000/test/instance48_nreq1000_nveh20_gamma891.txt",1000,SA,0.316265,116255
"../instances/1000/test/instance48_nreq1000_nveh20_gamma891.txt",1000,LN,485466,94774
"../instances/1000/test/instance48_nreq1000_nveh20_gamma891.txt",1000,GA,162177,105661
"../instances/1000/test/instance46_nreq1000_nveh20_gamma904.txt",1000,DC,46.6662,121106
"../instances/1000/test/instance46_nreq1000_nveh20_gamma904.txt",1000,RC,49.7023,124550
"../instances/1000/test/instance46_nreq1000_nveh20_gamma904.txt",1000,BS,116.589,117796
"../instances/1000/test/instance46_nreq1000_nveh20_gamma904.txt",1000,VND,1067.44,78550.9
"../instances/1000/test/instance46_nreq1000_nveh20_gamma904.txt",1000,SA,0.153378,121053
"../instances/1000/test/instance46_nreq1000_nveh20_gamma904.txt",1000,LN,454947,99008
"../instances/1000/test/instance46_nreq1000_nveh20_gamma904.txt",1000,GA,195641,108693
"../instances/1000/test/instance51_nreq1000_nveh20_gamma929.txt",1000,DC,32.6215,123724
"../instances/1000/test/instance51_nreq1000_nveh20_gamma929.txt",1000,RC,53.5924,124636
"../instances/1000/test/instance51_nreq1000_nveh20_gamma929.txt",1000,BS,154.247,120850
"../instances/1000/test/instance51_nreq1000_nveh20_gamma929.txt",1000,VND,1605.07,82869.4
"../instances/1000/test/instance51_nreq1000_nveh20_gamma929.txt",1000,SA,0.567112,123721
"../instances/1000/test/instance51_nreq1000_nveh20_gamma929.txt",1000,LN,434530,98082.9
"../instances/1000/test/instance51_nreq1000_nveh20_gamma929.txt",1000,GA,217595,109298
"../instances/1000/test/instance49_nreq1000_nveh20_gamma847.txt",1000,DC,29.1478,111458
"../instances/1000/test/instance49_nreq1000_nveh20_gamma847.txt",1000,RC,40.5865,114845
"../instances/1000/test/instance49_nreq1000_nveh20_gamma847.txt",1000,BS,147.277,110133
"../instances/1000/test/instance49_nreq1000_nveh20_gamma847.txt",1000,VND,1638.54,74803.2
"../instances/1000/test/instance49_nreq1000_nveh20_gamma847.txt",1000,SA,1.90841,111445
"../instances/1000/test/instance49_nreq1000_nveh20_gamma847.txt",1000,LN,500200,90283
"../instances/1000/test/instance49_nreq1000_nveh20_gamma847.txt",1000,GA,152906,100322
"../instances/1000/test/instance43_nreq1000_nveh20_gamma858.txt",1000,DC,44.7809,114547
"../instances/1000/test/instance43_nreq1000_nveh20_gamma858.txt",1000,RC,47.605,115284
"../instances/1000/test/instance43_nreq1000_nveh20_gamma858.txt",1000,BS,109.139,111202
"../instances/1000/test/instance43_nreq1000_nveh20_gamma858.txt",1000,VND,1708.05,81807.1
"../instances/1000/test/instance43_nreq1000_nveh20_gamma858.txt",1000,SA,0.298236,114461
"../instances/1000/test/instance43_nreq1000_nveh20_gamma858.txt",1000,LN,499147,92072.8
"../instances/1000/test/instance43_nreq1000_nveh20_gamma858.txt",1000,GA,157169,101255
"../instances/1000/test/instance39_nreq1000_nveh20_gamma917.txt",1000,DC,50.4679,121588
"../instances/1000/test/instance39_nreq1000_nveh20_gamma917.txt",1000,RC,51.8869,122271
"../instances/1000/test/instance39_nreq1000_nveh20_gamma917.txt",1000,BS,160.302,115507
"../instances/1000/test/instance39_nreq1000_nveh20_gamma917.txt",1000,VND,1801.17,78358.7
"../instances/1000/test/instance39_nreq1000_nveh20_gamma917.txt",1000,SA,1.87759,121588
"../instances/1000/test/instance39_nreq1000_nveh20_gamma917.txt",1000,LN,448443,96696.2
"../instances/1000/test/instance39_nreq1000_nveh20_gamma917.txt",1000,GA,210160,106413
"../instances/1000/test/instance53_nreq1000_nveh20_gamma870.txt",1000,DC,45.5891,113580
"../instances/1000/test/instance53_nreq1000_nveh20_gamma870.txt",1000,RC,47.901,118142
"../instances/1000/test/instance53_nreq1000_nveh20_gamma870.txt",1000,BS,143.229,110171
"../instances/1000/test/instance53_nreq1000_nveh20_gamma870.txt",1000,VND,1112.54,77366.6
"../instances/1000/test/instance53_nreq1000_nveh20_gamma870.txt",1000,SA,1.80606,113580
"../instances/1000/test/instance53_nreq1000_nveh20_gamma870.txt",1000,LN,504206,90924.7
"../instances/1000/test/instance53_nreq1000_nveh20_gamma870.txt",1000,GA,168889,101352
"../instances/1000/test/instance37_nreq1000_nveh20_gamma887.txt",1000,DC,58.131,118995
"../instances/1000/test/instance37_nreq1000_nveh20_gamma887.txt",1000,RC,49.1309,117432
"../instances/1000/test/instance37_nreq1000_nveh20_gamma887.txt",1000,BS,121.245,112674
"../instances/1000/test/instance37_nreq1000_nveh20_gamma887.txt",1000,VND,1639.52,79544.8
"../instances/1000/test/instance37_nreq1000_nveh20_gamma887.txt",1000,SA,1.3215,118943
"../instances/1000/test/instance37_nreq1000_nveh20_gamma887.txt",1000,LN,504011,92891.6
"../instances/1000/test/instance37_nreq1000_nveh20_gamma887.txt",1000,GA,170789,105585
"../instances/1000/test/instance59_nreq1000_nveh20_gamma902.txt",1000,DC,32.3788,123049
"../instances/1000/test/instance59_nreq1000_nveh20_gamma902.txt",1000,RC,34.5342,121643
"../instances/1000/test/instance59_nreq1000_nveh20_gamma902.txt",1000,BS,126.03,117173
"../instances/1000/test/instance59_nreq1000_nveh20_gamma902.txt",1000,VND,1284.64,76786.9
"../instances/1000/test/instance59_nreq1000_nveh20_gamma902.txt",1000,SA,1.80617,123049
"../instances/1000/test/instance59_nreq1000_nveh20_gamma902.txt",1000,LN,466052,97941.6
"../instances/1000/test/instance59_nreq1000_nveh20_gamma902.txt",1000,GA,209771,107075
"../instances/1000/test/instance52_nreq1000_nveh20_gamma873.txt",1000,DC,46.3607,116464
"../instances/1000/test/instance52_nreq1000_nveh20_gamma873.txt",1000,RC,48.5766,117434
"../instances/1000/test/instance52_nreq1000_nveh20_gamma873.txt",1000,BS,104.505,111475
"../instances/1000/test/instance52_nreq1000_nveh20_gamma873.txt",1000,VND,1253.17,73437.3
"../instances/1000/test/instance52_nreq1000_nveh20_gamma873.txt",1000,SA,0.164888,116442
"../instances/1000/test/instance52_nreq1000_nveh20_gamma873.txt",1000,LN,506052,89573
"../instances/1000/test/instance52_nreq1000_nveh20_gamma873.txt",1000,GA,171722,102500
"../instances/1000/test/instance38_nreq1000_nveh20_gamma879.txt",1000,DC,47.7728,116964
"../instances/1000/test/instance38_nreq1000_nveh20_gamma879.txt",1000,RC,48.8042,118353
"../instances/1000/test/instance38_nreq1000_nveh20_gamma879.txt",1000,BS,121.093,109449
"../instances/1000/test/instance38_nreq1000_nveh20_gamma879.txt",1000,VND,1318.88,73977
"../instances/1000/test/instance38_nreq1000_nveh20_gamma879.txt",1000,SA,0.114108,116919
"../instances/1000/test/instance38_nreq1000_nveh20_gamma879.txt",1000,LN,511969,90588.1
"../instances/1000/test/instance38_nreq1000_nveh20_gamma879.txt",1000,GA,166841,103012
"../instances/1000/test/instance36_nreq1000_nveh20_gamma909.txt",1000,DC,47.25,120039
"../instances/1000/test/instance36_nreq1000_nveh20_gamma909.txt",1000,RC,50.0118,123139
"../instances/1000/test/instance36_nreq1000_nveh20_gamma909.txt",1000,BS,122.709,116036
"../instances/1000/test/instance36_nreq1000_nveh20_gamma909.txt",1000,VND,353.996,85129
"../instances/1000/test/instance36_nreq1000_nveh20_gamma909.txt",1000,SA,1.85412,120039
"../instances/1000/test/instance36_nreq1000_nveh20_gamma909.txt",1000,LN,312377,96244
"../instances/1000/test/instance36_nreq1000_nveh20_gamma909.txt",1000,GA,113903,108243
"../instances/1000/test/instance45_nreq1000_nveh20_gamma868.txt",1000,DC,45.157,116668
"../instances/1000/test/instance45_nreq1000_nveh20_gamma868.txt",1000,RC,47.6893,119125
"../instances/1000/test/instance45_nreq1000_nveh20_gamma868.txt",1000,BS,112.138,112663
"../instances/1000/test/instance45_nreq1000_nveh20_gamma868.txt",1000,VND,377.303,79363.9
"../instances/1000/test/instance45_nreq1000_nveh20_gamma868.txt",1000,SA,1.73374,116668
"../instances/1000/test/instance45_nreq1000_nveh20_gamma868.txt",1000,LN,326559,94007.7
"../instances/1000/test/instance45_nreq1000_nveh20_gamma868.txt",1000,GA,114057,104808
"../instances/1000/test/instance60_nreq1000_nveh20_gamma851.txt",1000,DC,44.2959,113603
"../instances/1000/test/instance60_nreq1000_nveh20_gamma851.txt",1000,RC,47.0118,111016
"../instances/1000/test/instance60_nreq1000_nveh20_gamma851.txt",1000,BS,114.237,108569
"../instances/1000/test/instance60_nreq1000_nveh20_gamma851.txt",1000,VND,278.579,81595.7
"../instances/1000/test/instance60_nreq1000_nveh20_gamma851.txt",1000,SA,1.74296,113603
"../instances/1000/test/instance60_nreq1000_nveh20_gamma851.txt",1000,LN,363374,90074.2
"../instances/1000/test/instance60_nreq1000_nveh20_gamma851.txt",1000,GA,130831,102013
"../instances/1000/test/instance31_nreq1000_nveh20_gamma890.txt",1000,DC,46.2434,118177
"../instances/1000/test/instance31_nreq1000_nveh20_gamma890.txt",1000,RC,49.1168,117452
"../instances/1000/test/instance31_nreq1000_nveh20_gamma890.txt",1000,BS,124.037,113455
"../instances/1000/test/instance31_nreq1000_nveh20_gamma890.txt",1000,VND,273.564,85494
"../instances/1000/test/instance31_nreq1000_nveh20_gamma890.txt",1000,SA,0.07333,118174
"../instances/1000/test/instance31_nreq1000_nveh20_gamma890.txt",1000,LN,357688,94473.7
"../instances/1000/test/instance31_nreq1000_nveh20_gamma890.txt",1000,GA,132293,105349
