path,N,method,fairness_opt,fairness_eval,duration,objective,min,max,mean,std
"../instances/50/test/instance40_nreq50_nveh2_gamma46.txt",50,GA,jain,jain,740.409,1222.64,21,25,23,2.82843
"../instances/50/test/instance40_nreq50_nveh2_gamma46.txt",50,GA,jain,maxmin,740.409,1230.77,21,25,23,2.82843
"../instances/50/test/instance40_nreq50_nveh2_gamma46.txt",50,GA,jain,gini,740.409,1227.13,21,25,23,2.82843
"../instances/50/test/instance40_nreq50_nveh2_gamma46.txt",50,GA,maxmin,jain,934.834,1331.95,4,42,23,26.8701
"../instances/50/test/instance40_nreq50_nveh2_gamma46.txt",50,GA,maxmin,maxmin,934.834,1344.8,4,42,23,26.8701
"../instances/50/test/instance40_nreq50_nveh2_gamma46.txt",50,GA,maxmin,gini,934.834,1341.65,4,42,23,26.8701
"../instances/50/test/instance40_nreq50_nveh2_gamma46.txt",50,GA,gini,jain,908.428,1248.29,6,40,23,24.0416
"../instances/50/test/instance40_nreq50_nveh2_gamma46.txt",50,GA,gini,maxmin,908.428,1260.84,6,40,23,24.0416
"../instances/50/test/instance40_nreq50_nveh2_gamma46.txt",50,GA,gini,gini,908.428,1256.89,6,40,23,24.0416
"../instances/50/test/instance45_nreq50_nveh2_gamma42.txt",50,GA,jain,jain,752.211,1152.5,12,30,21,12.7279
"../instances/50/test/instance45_nreq50_nveh2_gamma42.txt",50,GA,jain,maxmin,752.211,1158.7,12,30,21,12.7279
"../instances/50/test/instance45_nreq50_nveh2_gamma42.txt",50,GA,jain,gini,752.211,1156.24,12,30,21,12.7279
"../instances/50/test/instance45_nreq50_nveh2_gamma42.txt",50,GA,maxmin,jain,697.16,1113.08,19,23,21,2.82843
"../instances/50/test/instance45_nreq50_nveh2_gamma42.txt",50,GA,maxmin,maxmin,697.16,1115.03,19,23,21,2.82843
"../instances/50/test/instance45_nreq50_nveh2_gamma42.txt",50,GA,maxmin,gini,697.16,1114.09,19,23,21,2.82843
"../instances/50/test/instance45_nreq50_nveh2_gamma42.txt",50,GA,gini,jain,703.305,1167.01,19,23,21,2.82843
"../instances/50/test/instance45_nreq50_nveh2_gamma42.txt",50,GA,gini,maxmin,703.305,1168.79,19,23,21,2.82843
"../instances/50/test/instance45_nreq50_nveh2_gamma42.txt",50,GA,gini,gini,703.305,1167.93,19,23,21,2.82843
"../instances/50/test/instance55_nreq50_nveh2_gamma40.txt",50,GA,jain,jain,583.217,1223.1,18,22,20,2.82843
"../instances/50/test/instance55_nreq50_nveh2_gamma40.txt",50,GA,jain,maxmin,583.217,1227.8,18,22,20,2.82843
"../instances/50/test/instance55_nreq50_nveh2_gamma40.txt",50,GA,jain,gini,583.217,1225.5,18,22,20,2.82843
"../instances/50/test/instance55_nreq50_nveh2_gamma40.txt",50,GA,maxmin,jain,578.446,1356.62,19,21,20,1.41421
"../instances/50/test/instance55_nreq50_nveh2_gamma40.txt",50,GA,maxmin,maxmin,578.446,1362.24,19,21,20,1.41421
"../instances/50/test/instance55_nreq50_nveh2_gamma40.txt",50,GA,maxmin,gini,578.446,1359.5,19,21,20,1.41421
"../instances/50/test/instance55_nreq50_nveh2_gamma40.txt",50,GA,gini,jain,546.671,1286.2,19,21,20,1.41421
"../instances/50/test/instance55_nreq50_nveh2_gamma40.txt",50,GA,gini,maxmin,546.671,1291.33,19,21,20,1.41421
"../instances/50/test/instance55_nreq50_nveh2_gamma40.txt",50,GA,gini,gini,546.671,1288.82,19,21,20,1.41421
"../instances/50/test/instance43_nreq50_nveh2_gamma47.txt",50,GA,jain,jain,961.508,1222.1,15,32,23.5,12.0208
"../instances/50/test/instance43_nreq50_nveh2_gamma47.txt",50,GA,jain,maxmin,961.508,1237.79,15,32,23.5,12.0208
"../instances/50/test/instance43_nreq50_nveh2_gamma47.txt",50,GA,jain,gini,961.508,1231.27,15,32,23.5,12.0208
"../instances/50/test/instance43_nreq50_nveh2_gamma47.txt",50,GA,maxmin,jain,861.621,1222.3,23,24,23.5,0.707107
"../instances/50/test/instance43_nreq50_nveh2_gamma47.txt",50,GA,maxmin,maxmin,861.621,1226.08,23,24,23.5,0.707107
"../instances/50/test/instance43_nreq50_nveh2_gamma47.txt",50,GA,maxmin,gini,861.621,1224.24,23,24,23.5,0.707107
"../instances/50/test/instance43_nreq50_nveh2_gamma47.txt",50,GA,gini,jain,1188.99,1250.99,2,45,23.5,30.4056
"../instances/50/test/instance43_nreq50_nveh2_gamma47.txt",50,GA,gini,maxmin,1188.99,1270.49,2,45,23.5,30.4056
"../instances/50/test/instance43_nreq50_nveh2_gamma47.txt",50,GA,gini,gini,1188.99,1267.45,2,45,23.5,30.4056
"../instances/50/test/instance60_nreq50_nveh2_gamma45.txt",50,GA,jain,jain,862.678,1220.34,16,29,22.5,9.19239
"../instances/50/test/instance60_nreq50_nveh2_gamma45.txt",50,GA,jain,maxmin,862.678,1225.03,16,29,22.5,9.19239
"../instances/50/test/instance60_nreq50_nveh2_gamma45.txt",50,GA,jain,gini,862.678,1222.87,16,29,22.5,9.19239
"../instances/50/test/instance60_nreq50_nveh2_gamma45.txt",50,GA,maxmin,jain,862.751,1213.87,19,27,23,5.65685
"../instances/50/test/instance60_nreq50_nveh2_gamma45.txt",50,GA,maxmin,maxmin,862.751,1217.5,19,27,23,5.65685
"../instances/50/test/instance60_nreq50_nveh2_gamma45.txt",50,GA,maxmin,gini,862.751,1215.79,19,27,23,5.65685
"../instances/50/test/instance60_nreq50_nveh2_gamma45.txt",50,GA,gini,jain,776.306,1219.5,14,31,22.5,12.0208
"../instances/50/test/instance60_nreq50_nveh2_gamma45.txt",50,GA,gini,maxmin,776.306,1226.2,14,31,22.5,12.0208
"../instances/50/test/instance60_nreq50_nveh2_gamma45.txt",50,GA,gini,gini,776.306,1223.32,14,31,22.5,12.0208
"../instances/100/test/instance44_nreq100_nveh2_gamma89.txt",100,GA,jain,jain,3013.68,3265.46,17,72,44.5,38.8909
"../instances/100/test/instance44_nreq100_nveh2_gamma89.txt",100,GA,jain,maxmin,3013.68,3288.02,17,72,44.5,38.8909
"../instances/100/test/instance44_nreq100_nveh2_gamma89.txt",100,GA,jain,gini,3013.68,3280.23,17,72,44.5,38.8909
"../instances/100/test/instance44_nreq100_nveh2_gamma89.txt",100,GA,maxmin,jain,2492.14,3176.48,40,49,44.5,6.36396
"../instances/100/test/instance44_nreq100_nveh2_gamma89.txt",100,GA,maxmin,maxmin,2492.14,3180.11,40,49,44.5,6.36396
"../instances/100/test/instance44_nreq100_nveh2_gamma89.txt",100,GA,maxmin,gini,2492.14,3178.33,40,49,44.5,6.36396
"../instances/100/test/instance44_nreq100_nveh2_gamma89.txt",100,GA,gini,jain,2327.16,3324.06,36,53,44.5,12.0208
"../instances/100/test/instance44_nreq100_nveh2_gamma89.txt",100,GA,gini,maxmin,2327.16,3338.41,36,53,44.5,12.0208
"../instances/100/test/instance44_nreq100_nveh2_gamma89.txt",100,GA,gini,gini,2327.16,3331.94,36,53,44.5,12.0208
"../instances/100/test/instance37_nreq100_nveh2_gamma89.txt",100,GA,jain,jain,2536,3340.37,31,58,44.5,19.0919
"../instances/100/test/instance37_nreq100_nveh2_gamma89.txt",100,GA,jain,maxmin,2536,3356.72,31,58,44.5,19.0919
"../instances/100/test/instance37_nreq100_nveh2_gamma89.txt",100,GA,jain,gini,2536,3349.54,31,58,44.5,19.0919
"../instances/100/test/instance37_nreq100_nveh2_gamma89.txt",100,GA,maxmin,jain,2459.76,3279.89,41,48,44.5,4.94975
"../instances/100/test/instance37_nreq100_nveh2_gamma89.txt",100,GA,maxmin,maxmin,2459.76,3288.76,41,48,44.5,4.94975
"../instances/100/test/instance37_nreq100_nveh2_gamma89.txt",100,GA,maxmin,gini,2459.76,3284.56,41,48,44.5,4.94975
"../instances/100/test/instance37_nreq100_nveh2_gamma89.txt",100,GA,gini,jain,2333.91,3296.91,39,50,44.5,7.77817
"../instances/100/test/instance37_nreq100_nveh2_gamma89.txt",100,GA,gini,maxmin,2333.91,3304.83,39,50,44.5,7.77817
"../instances/100/test/instance37_nreq100_nveh2_gamma89.txt",100,GA,gini,gini,2333.91,3301.05,39,50,44.5,7.77817
"../instances/100/test/instance50_nreq100_nveh2_gamma91.txt",100,GA,jain,jain,2419.65,3672.18,40,51,45.5,7.77817
"../instances/100/test/instance50_nreq100_nveh2_gamma91.txt",100,GA,jain,maxmin,2419.65,3679,40,51,45.5,7.77817
"../instances/100/test/instance50_nreq100_nveh2_gamma91.txt",100,GA,jain,gini,2419.65,3675.77,40,51,45.5,7.77817
"../instances/100/test/instance50_nreq100_nveh2_gamma91.txt",100,GA,maxmin,jain,2405.56,3613.48,38,53,45.5,10.6066
"../instances/100/test/instance50_nreq100_nveh2_gamma91.txt",100,GA,maxmin,maxmin,2405.56,3623.88,38,53,45.5,10.6066
"../instances/100/test/instance50_nreq100_nveh2_gamma91.txt",100,GA,maxmin,gini,2405.56,3619.14,38,53,45.5,10.6066
"../instances/100/test/instance50_nreq100_nveh2_gamma91.txt",100,GA,gini,jain,2605.62,3569.94,29,62,45.5,23.3345
"../instances/100/test/instance50_nreq100_nveh2_gamma91.txt",100,GA,gini,maxmin,2605.62,3582.92,29,62,45.5,23.3345
"../instances/100/test/instance50_nreq100_nveh2_gamma91.txt",100,GA,gini,gini,2605.62,3577.25,29,62,45.5,23.3345
"../instances/100/test/instance56_nreq100_nveh2_gamma89.txt",100,GA,jain,jain,2426.29,3251.53,40,49,44.5,6.36396
"../instances/100/test/instance56_nreq100_nveh2_gamma89.txt",100,GA,jain,maxmin,2426.29,3260.24,40,49,44.5,6.36396
"../instances/100/test/instance56_nreq100_nveh2_gamma89.txt",100,GA,jain,gini,2426.29,3256.05,40,49,44.5,6.36396
"../instances/100/test/instance56_nreq100_nveh2_gamma89.txt",100,GA,maxmin,jain,2540.69,3222.45,36,53,44.5,12.0208
"../instances/100/test/instance56_nreq100_nveh2_gamma89.txt",100,GA,maxmin,maxmin,2540.69,3239.44,36,53,44.5,12.0208
"../instances/100/test/instance56_nreq100_nveh2_gamma89.txt",100,GA,maxmin,gini,2540.69,3231.65,36,53,44.5,12.0208
"../instances/100/test/instance56_nreq100_nveh2_gamma89.txt",100,GA,gini,jain,2313.1,3183.63,39,50,44.5,7.77817
"../instances/100/test/instance56_nreq100_nveh2_gamma89.txt",100,GA,gini,maxmin,2313.1,3198.05,39,50,44.5,7.77817
"../instances/100/test/instance56_nreq100_nveh2_gamma89.txt",100,GA,gini,gini,2313.1,3191.32,39,50,44.5,7.77817
"../instances/100/test/instance40_nreq100_nveh2_gamma86.txt",100,GA,jain,jain,2633.15,2988.11,27,59,43,22.6274
"../instances/100/test/instance40_nreq100_nveh2_gamma86.txt",100,GA,jain,maxmin,2633.15,3012.72,27,59,43,22.6274
"../instances/100/test/instance40_nreq100_nveh2_gamma86.txt",100,GA,jain,gini,2633.15,3002.62,27,59,43,22.6274
"../instances/100/test/instance40_nreq100_nveh2_gamma86.txt",100,GA,maxmin,jain,3142.98,2904.36,17,69,43,36.7696
"../instances/100/test/instance40_nreq100_nveh2_gamma86.txt",100,GA,maxmin,maxmin,3142.98,2933.13,17,69,43,36.7696
"../instances/100/test/instance40_nreq100_nveh2_gamma86.txt",100,GA,maxmin,gini,3142.98,2923.82,17,69,43,36.7696
"../instances/100/test/instance40_nreq100_nveh2_gamma86.txt",100,GA,gini,jain,2663.57,3003.77,25,61,43,25.4558
"../instances/100/test/instance40_nreq100_nveh2_gamma86.txt",100,GA,gini,maxmin,2663.57,3027.65,25,61,43,25.4558
"../instances/100/test/instance40_nreq100_nveh2_gamma86.txt",100,GA,gini,gini,2663.57,3017.69,25,61,43,25.4558
path,N,method,fairness_opt,fairness_eval,duration,objective,min,max,mean,std
"../instances/200/test/instance52_nreq200_nveh4_gamma174.txt",200,GA,jain,jain,5254.66,8985.2,22,63,43.5,18.1567
"../instances/200/test/instance52_nreq200_nveh4_gamma174.txt",200,GA,jain,maxmin,5254.66,9151.23,22,63,43.5,18.1567
"../instances/200/test/instance52_nreq200_nveh4_gamma174.txt",200,GA,jain,gini,5254.66,9206.23,22,63,43.5,18.1567
"../instances/200/test/instance52_nreq200_nveh4_gamma174.txt",200,GA,maxmin,jain,5818.31,9228.9,22,81,43.5,27.1846
"../instances/200/test/instance52_nreq200_nveh4_gamma174.txt",200,GA,maxmin,maxmin,5818.31,9382.08,22,81,43.5,27.1846
"../instances/200/test/instance52_nreq200_nveh4_gamma174.txt",200,GA,maxmin,gini,5818.31,9454.8,22,81,43.5,27.1846
"../instances/200/test/instance52_nreq200_nveh4_gamma174.txt",200,GA,gini,jain,4914.58,9197.5,34,62,43.75,12.7639
"../instances/200/test/instance52_nreq200_nveh4_gamma174.txt",200,GA,gini,maxmin,4914.58,9304.19,34,62,43.75,12.7639
"../instances/200/test/instance52_nreq200_nveh4_gamma174.txt",200,GA,gini,gini,4914.58,9306.93,34,62,43.75,12.7639
"../instances/200/test/instance37_nreq200_nveh4_gamma191.txt",200,GA,jain,jain,6254.1,10216.3,22,64,47.75,19.6023
"../instances/200/test/instance37_nreq200_nveh4_gamma191.txt",200,GA,jain,maxmin,6254.1,10399.2,22,64,47.75,19.6023
"../instances/200/test/instance37_nreq200_nveh4_gamma191.txt",200,GA,jain,gini,6254.1,10449.9,22,64,47.75,19.6023
"../instances/200/test/instance37_nreq200_nveh4_gamma191.txt",200,GA,maxmin,jain,7480.02,10282.5,14,83,47.75,38.4307
"../instances/200/test/instance37_nreq200_nveh4_gamma191.txt",200,GA,maxmin,maxmin,7480.02,10462,14,83,47.75,38.4307
"../instances/200/test/instance37_nreq200_nveh4_gamma191.txt",200,GA,maxmin,gini,7480.02,10649.7,14,83,47.75,38.4307
"../instances/200/test/instance37_nreq200_nveh4_gamma191.txt",200,GA,gini,jain,5959.39,10693.6,33,59,47.75,11.7011
"../instances/200/test/instance37_nreq200_nveh4_gamma191.txt",200,GA,gini,maxmin,5959.39,10816.2,33,59,47.75,11.7011
"../instances/200/test/instance37_nreq200_nveh4_gamma191.txt",200,GA,gini,gini,5959.39,10831.6,33,59,47.75,11.7011
"../instances/200/test/instance32_nreq200_nveh4_gamma184.txt",200,GA,jain,jain,5781.09,9681.6,29,63,46.25,14.3614
"../instances/200/test/instance32_nreq200_nveh4_gamma184.txt",200,GA,jain,maxmin,5781.09,9892.63,29,63,46.25,14.3614
"../instances/200/test/instance32_nreq200_nveh4_gamma184.txt",200,GA,jain,gini,5781.09,9890,29,63,46.25,14.3614
"../instances/200/test/instance32_nreq200_nveh4_gamma184.txt",200,GA,maxmin,jain,6322.9,9626.83,21,75,46,26.5957
"../instances/200/test/instance32_nreq200_nveh4_gamma184.txt",200,GA,maxmin,maxmin,6322.9,9872.9,21,75,46,26.5957
"../instances/200/test/instance32_nreq200_nveh4_gamma184.txt",200,GA,maxmin,gini,6322.9,10006,21,75,46,26.5957
"../instances/200/test/instance32_nreq200_nveh4_gamma184.txt",200,GA,gini,jain,5492.36,9585.2,31,62,46,15.7692
"../instances/200/test/instance32_nreq200_nveh4_gamma184.txt",200,GA,gini,maxmin,5492.36,9764.33,31,62,46,15.7692
"../instances/200/test/instance32_nreq200_nveh4_gamma184.txt",200,GA,gini,gini,5492.36,9807.68,31,62,46,15.7692
"../instances/200/test/instance46_nreq200_nveh4_gamma178.txt",200,GA,jain,jain,6352.59,9760.68,15,72,44.5,28.688
"../instances/200/test/instance46_nreq200_nveh4_gamma178.txt",200,GA,jain,maxmin,6352.59,10053.8,15,72,44.5,28.688
"../instances/200/test/instance46_nreq200_nveh4_gamma178.txt",200,GA,jain,gini,6352.59,10210.3,15,72,44.5,28.688
"../instances/200/test/instance46_nreq200_nveh4_gamma178.txt",200,GA,maxmin,jain,5229.62,9700.17,31,56,44.5,11.9583
"../instances/200/test/instance46_nreq200_nveh4_gamma178.txt",200,GA,maxmin,maxmin,5229.62,9893.25,31,56,44.5,11.9583
"../instances/200/test/instance46_nreq200_nveh4_gamma178.txt",200,GA,maxmin,gini,5229.62,9901.74,31,56,44.5,11.9583
"../instances/200/test/instance46_nreq200_nveh4_gamma178.txt",200,GA,gini,jain,4916.8,9676.95,39,52,44.5,5.56776
"../instances/200/test/instance46_nreq200_nveh4_gamma178.txt",200,GA,gini,maxmin,4916.8,9758.45,39,52,44.5,5.56776
"../instances/200/test/instance46_nreq200_nveh4_gamma178.txt",200,GA,gini,gini,4916.8,9749.25,39,52,44.5,5.56776
"../instances/200/test/instance41_nreq200_nveh4_gamma196.txt",200,GA,jain,jain,6977.26,10875.5,19,88,49,28.7866
"../instances/200/test/instance41_nreq200_nveh4_gamma196.txt",200,GA,jain,maxmin,6977.26,11064,19,88,49,28.7866
"../instances/200/test/instance41_nreq200_nveh4_gamma196.txt",200,GA,jain,gini,6977.26,11100.4,19,88,49,28.7866
"../instances/200/test/instance41_nreq200_nveh4_gamma196.txt",200,GA,maxmin,jain,6499.73,10986.1,31,74,49,21.1187
"../instances/200/test/instance41_nreq200_nveh4_gamma196.txt",200,GA,maxmin,maxmin,6499.73,11112.2,31,74,49,21.1187
"../instances/200/test/instance41_nreq200_nveh4_gamma196.txt",200,GA,maxmin,gini,6499.73,11152.6,31,74,49,21.1187
"../instances/200/test/instance41_nreq200_nveh4_gamma196.txt",200,GA,gini,jain,5813.49,10596.4,40,63,49,10.8012
"../instances/200/test/instance41_nreq200_nveh4_gamma196.txt",200,GA,gini,maxmin,5813.49,10690.5,40,63,49,10.8012
"../instances/200/test/instance41_nreq200_nveh4_gamma196.txt",200,GA,gini,gini,5813.49,10693,40,63,49,10.8012
"../instances/500/test/instance35_nreq500_nveh10_gamma472.txt",500,GA,jain,jain,18393.5,40135.4,2,76,47.2,26.5112
"../instances/500/test/instance35_nreq500_nveh10_gamma472.txt",500,GA,jain,maxmin,18393.5,41569.7,2,76,47.2,26.5112
"../instances/500/test/instance35_nreq500_nveh10_gamma472.txt",500,GA,jain,gini,18393.5,44685.7,2,76,47.2,26.5112
"../instances/500/test/instance35_nreq500_nveh10_gamma472.txt",500,GA,maxmin,jain,17709.1,40035,15,86,47.2,25.9092
"../instances/500/test/instance35_nreq500_nveh10_gamma472.txt",500,GA,maxmin,maxmin,17709.1,41141.6,15,86,47.2,25.9092
"../instances/500/test/instance35_nreq500_nveh10_gamma472.txt",500,GA,maxmin,gini,17709.1,44916.7,15,86,47.2,25.9092
"../instances/500/test/instance35_nreq500_nveh10_gamma472.txt",500,GA,gini,jain,14003.9,40947.7,43,52,47.2,2.48551
"../instances/500/test/instance35_nreq500_nveh10_gamma472.txt",500,GA,gini,maxmin,14003.9,41304.5,43,52,47.2,2.48551
"../instances/500/test/instance35_nreq500_nveh10_gamma472.txt",500,GA,gini,gini,14003.9,41519.6,43,52,47.2,2.48551
"../instances/500/test/instance52_nreq500_nveh10_gamma461.txt",500,GA,jain,jain,15567.8,40602.8,17,79,46.1,21.4033
"../instances/500/test/instance52_nreq500_nveh10_gamma461.txt",500,GA,jain,maxmin,15567.8,41435.9,17,79,46.1,21.4033
"../instances/500/test/instance52_nreq500_nveh10_gamma461.txt",500,GA,jain,gini,15567.8,43683.7,17,79,46.1,21.4033
"../instances/500/test/instance52_nreq500_nveh10_gamma461.txt",500,GA,maxmin,jain,13476.7,41637.2,44,50,46.1,1.59513
"../instances/500/test/instance52_nreq500_nveh10_gamma461.txt",500,GA,maxmin,maxmin,13476.7,41798.8,44,50,46.1,1.59513
"../instances/500/test/instance52_nreq500_nveh10_gamma461.txt",500,GA,maxmin,gini,13476.7,41943.9,44,50,46.1,1.59513
"../instances/500/test/instance52_nreq500_nveh10_gamma461.txt",500,GA,gini,jain,12778,40875.7,43,50,46.1,1.91195
"../instances/500/test/instance52_nreq500_nveh10_gamma461.txt",500,GA,gini,maxmin,12778,41061.8,43,50,46.1,1.91195
"../instances/500/test/instance52_nreq500_nveh10_gamma461.txt",500,GA,gini,gini,12778,41201.5,43,50,46.1,1.91195
"../instances/500/test/instance49_nreq500_nveh10_gamma446.txt",500,GA,jain,jain,15569.1,36894,10,70,44.6,22.7899
"../instances/500/test/instance49_nreq500_nveh10_gamma446.txt",500,GA,jain,maxmin,15569.1,37834.5,10,70,44.6,22.7899
"../instances/500/test/instance49_nreq500_nveh10_gamma446.txt",500,GA,jain,gini,15569.1,40785.7,10,70,44.6,22.7899
"../instances/500/test/instance49_nreq500_nveh10_gamma446.txt",500,GA,maxmin,jain,12843.9,37453.8,41,48,44.6,2.45855
"../instances/500/test/instance49_nreq500_nveh10_gamma446.txt",500,GA,maxmin,maxmin,12843.9,37630,41,48,44.6,2.45855
"../instances/500/test/instance49_nreq500_nveh10_gamma446.txt",500,GA,maxmin,gini,12843.9,37756.2,41,48,44.6,2.45855
"../instances/500/test/instance49_nreq500_nveh10_gamma446.txt",500,GA,gini,jain,12586.5,37552.5,43,48,44.6,1.50555
"../instances/500/test/instance49_nreq500_nveh10_gamma446.txt",500,GA,gini,maxmin,12586.5,37793,43,48,44.6,1.50555
"../instances/500/test/instance49_nreq500_nveh10_gamma446.txt",500,GA,gini,gini,12586.5,38009,43,48,44.6,1.50555
"../instances/500/test/instance36_nreq500_nveh10_gamma472.txt",500,GA,jain,jain,16881.1,41385.8,18,86,47.2,20.7086
"../instances/500/test/instance36_nreq500_nveh10_gamma472.txt",500,GA,jain,maxmin,16881.1,42742.8,18,86,47.2,20.7086
"../instances/500/test/instance36_nreq500_nveh10_gamma472.txt",500,GA,jain,gini,16881.1,45754.9,18,86,47.2,20.7086
"../instances/500/test/instance36_nreq500_nveh10_gamma472.txt",500,GA,maxmin,jain,14710.2,41460.6,44,50,47.2,1.68655
"../instances/500/test/instance36_nreq500_nveh10_gamma472.txt",500,GA,maxmin,maxmin,14710.2,41820.5,44,50,47.2,1.68655
"../instances/500/test/instance36_nreq500_nveh10_gamma472.txt",500,GA,maxmin,gini,14710.2,42089.5,44,50,47.2,1.68655
"../instances/500/test/instance36_nreq500_nveh10_gamma472.txt",500,GA,gini,jain,14034.2,41801.7,44,52,47.2,2.25093
"../instances/500/test/instance36_nreq500_nveh10_gamma472.txt",500,GA,gini,maxmin,14034.2,41957.7,44,52,47.2,2.25093
"../instances/500/test/instance36_nreq500_nveh10_gamma472.txt",500,GA,gini,gini,14034.2,42116.9,44,52,47.2,2.25093
"../instances/500/test/instance38_nreq500_nveh10_gamma432.txt",500,GA,jain,jain,14319,37511.5,0,88,43.2,44.3967
"../instances/500/test/instance38_nreq500_nveh10_gamma432.txt",500,GA,jain,maxmin,14319,38585.4,0,88,43.2,44.3967
"../instances/500/test/instance38_nreq500_nveh10_gamma432.txt",500,GA,jain,gini,14319,47745.5,0,88,43.2,44.3967
"../instances/500/test/instance38_nreq500_nveh10_gamma432.txt",500,GA,maxmin,jain,12121.7,37701.3,38,46,43.2,2.25093
"../instances/500/test/instance38_nreq500_nveh10_gamma432.txt",500,GA,maxmin,maxmin,12121.7,38273,38,46,43.2,2.25093
"../instances/500/test/instance38_nreq500_nveh10_gamma432.txt",500,GA,maxmin,gini,12121.7,38814,38,46,43.2,2.25093
"../instances/500/test/instance38_nreq500_nveh10_gamma432.txt",500,GA,gini,jain,11381.4,38321.2,39,46,43.2,2.04396
"../instances/500/test/instance38_nreq500_nveh10_gamma432.txt",500,GA,gini,maxmin,11381.4,38568.7,39,46,43.2,2.04396
"../instances/500/test/instance38_nreq500_nveh10_gamma432.txt",500,GA,gini,gini,11381.4,38773.6,39,46,43.2,2.04396
