path,N,k1,k2,beam_width,duration,objective
"../instances/50/train/instance9_nreq50_nveh2_gamma46.txt",50,5,1,5,580.671,1370.6
"../instances/50/train/instance9_nreq50_nveh2_gamma46.txt",50,5,2,5,608.397,1376.74
"../instances/50/train/instance9_nreq50_nveh2_gamma46.txt",50,5,0,5,676.117,1473.84
"../instances/50/train/instance9_nreq50_nveh2_gamma46.txt",50,5,1,10,1076.76,1364.16
"../instances/50/train/instance9_nreq50_nveh2_gamma46.txt",50,5,2,10,1162,1378.26
"../instances/50/train/instance9_nreq50_nveh2_gamma46.txt",50,5,0,10,1211.78,1432.85
"../instances/50/train/instance9_nreq50_nveh2_gamma46.txt",50,10,1,5,2145.77,1333.81
"../instances/50/train/instance9_nreq50_nveh2_gamma46.txt",50,10,0,5,2197.49,1312.52
"../instances/50/train/instance9_nreq50_nveh2_gamma46.txt",50,10,2,5,2520.81,1270.22
"../instances/50/train/instance9_nreq50_nveh2_gamma46.txt",50,10,1,10,4012.72,1289.86
"../instances/50/train/instance9_nreq50_nveh2_gamma46.txt",50,10,2,10,4135.13,1228.07
"../instances/50/train/instance9_nreq50_nveh2_gamma46.txt",50,10,0,10,4425.88,1331.55
"../instances/50/train/instance9_nreq50_nveh2_gamma46.txt",50,15,1,5,5451.03,1251.05
"../instances/50/train/instance9_nreq50_nveh2_gamma46.txt",50,15,2,5,4924.71,1242.73
"../instances/50/train/instance9_nreq50_nveh2_gamma46.txt",50,15,0,5,6212.39,1357.32
"../instances/50/train/instance9_nreq50_nveh2_gamma46.txt",50,15,2,10,7795.01,1270.99
"../instances/50/train/instance9_nreq50_nveh2_gamma46.txt",50,15,1,10,9394.14,1243.66
"../instances/50/train/instance9_nreq50_nveh2_gamma46.txt",50,15,0,10,9733.7,1307.6
"../instances/50/train/instance23_nreq50_nveh2_gamma42.txt",50,5,0,5,490.357,1259.79
"../instances/50/train/instance23_nreq50_nveh2_gamma42.txt",50,5,1,5,500.798,1184.35
"../instances/50/train/instance23_nreq50_nveh2_gamma42.txt",50,5,2,5,614.892,1201.62
"../instances/50/train/instance23_nreq50_nveh2_gamma42.txt",50,5,1,10,852.162,1130.45
"../instances/50/train/instance23_nreq50_nveh2_gamma42.txt",50,5,0,10,938.1,1228.24
"../instances/50/train/instance23_nreq50_nveh2_gamma42.txt",50,5,2,10,967.371,1142.41
"../instances/50/train/instance23_nreq50_nveh2_gamma42.txt",50,10,1,5,2085.95,1115.19
"../instances/50/train/instance23_nreq50_nveh2_gamma42.txt",50,10,2,5,2096.53,1127.74
"../instances/50/train/instance23_nreq50_nveh2_gamma42.txt",50,10,0,5,2988.17,1251.03
"../instances/50/train/instance23_nreq50_nveh2_gamma42.txt",50,10,1,10,3439.69,1084.84
"../instances/50/train/instance23_nreq50_nveh2_gamma42.txt",50,10,2,10,3510.68,1085.7
"../instances/50/train/instance23_nreq50_nveh2_gamma42.txt",50,10,0,10,3648.73,1169.65
"../instances/50/train/instance23_nreq50_nveh2_gamma42.txt",50,15,2,5,3338.36,1115.18
"../instances/50/train/instance23_nreq50_nveh2_gamma42.txt",50,15,1,5,4675.57,1153.43
"../instances/50/train/instance23_nreq50_nveh2_gamma42.txt",50,15,0,5,5733.02,1189.58
"../instances/50/train/instance23_nreq50_nveh2_gamma42.txt",50,15,2,10,6616.34,1040.64
"../instances/50/train/instance23_nreq50_nveh2_gamma42.txt",50,15,1,10,7494.07,1058.32
"../instances/50/train/instance23_nreq50_nveh2_gamma42.txt",50,15,0,10,9594.34,1135.64
"../instances/50/train/instance19_nreq50_nveh2_gamma43.txt",50,5,2,5,387.275,1291.97
"../instances/50/train/instance19_nreq50_nveh2_gamma43.txt",50,5,0,5,554.322,1305.47
"../instances/50/train/instance19_nreq50_nveh2_gamma43.txt",50,5,1,5,961.271,1187.08
"../instances/50/train/instance19_nreq50_nveh2_gamma43.txt",50,5,0,10,985.42,1251.9
"../instances/50/train/instance19_nreq50_nveh2_gamma43.txt",50,5,2,10,1028.45,1194.87
"../instances/50/train/instance19_nreq50_nveh2_gamma43.txt",50,5,1,10,1278.36,1217.07
"../instances/50/train/instance19_nreq50_nveh2_gamma43.txt",50,10,2,5,2090.64,1065.02
"../instances/50/train/instance19_nreq50_nveh2_gamma43.txt",50,10,0,5,2133.76,1168.42
"../instances/50/train/instance19_nreq50_nveh2_gamma43.txt",50,10,1,5,2438.96,1186.28
"../instances/50/train/instance19_nreq50_nveh2_gamma43.txt",50,15,2,5,3739.32,1134.44
"../instances/50/train/instance19_nreq50_nveh2_gamma43.txt",50,10,2,10,4697.43,1164.21
"../instances/50/train/instance19_nreq50_nveh2_gamma43.txt",50,10,1,10,4722.69,1097.57
"../instances/50/train/instance19_nreq50_nveh2_gamma43.txt",50,10,0,10,4880.15,1144.7
"../instances/50/train/instance19_nreq50_nveh2_gamma43.txt",50,15,1,5,4987.48,1159.04
"../instances/50/train/instance19_nreq50_nveh2_gamma43.txt",50,15,0,5,5070.3,1202.98
"../instances/50/train/instance19_nreq50_nveh2_gamma43.txt",50,15,2,10,7353.89,1094.24
"../instances/50/train/instance19_nreq50_nveh2_gamma43.txt",50,15,1,10,8795.44,1119.53
"../instances/50/train/instance19_nreq50_nveh2_gamma43.txt",50,15,0,10,8868.27,1207.7
"../instances/50/train/instance27_nreq50_nveh2_gamma41.txt",50,5,0,5,478.941,1131.33
"../instances/50/train/instance27_nreq50_nveh2_gamma41.txt",50,5,2,5,536.261,1051.41
"../instances/50/train/instance27_nreq50_nveh2_gamma41.txt",50,5,1,5,562.272,996.933
"../instances/50/train/instance27_nreq50_nveh2_gamma41.txt",50,5,2,10,899.489,1036.34
"../instances/50/train/instance27_nreq50_nveh2_gamma41.txt",50,5,1,10,1006.73,1009.08
"../instances/50/train/instance27_nreq50_nveh2_gamma41.txt",50,5,0,10,1021.49,1076.99
"../instances/50/train/instance27_nreq50_nveh2_gamma41.txt",50,10,2,5,1863.17,942.971
"../instances/50/train/instance27_nreq50_nveh2_gamma41.txt",50,10,1,5,2187.14,1007.2
"../instances/50/train/instance27_nreq50_nveh2_gamma41.txt",50,10,0,5,2464.74,982.556
"../instances/50/train/instance27_nreq50_nveh2_gamma41.txt",50,10,2,10,3751.64,913.946
"../instances/50/train/instance27_nreq50_nveh2_gamma41.txt",50,10,1,10,3793.54,947.14
"../instances/50/train/instance27_nreq50_nveh2_gamma41.txt",50,10,0,10,4027.76,968.515
"../instances/50/train/instance27_nreq50_nveh2_gamma41.txt",50,15,2,5,3626.22,884.456
"../instances/50/train/instance27_nreq50_nveh2_gamma41.txt",50,15,0,5,5227.4,988.416
"../instances/50/train/instance27_nreq50_nveh2_gamma41.txt",50,15,1,5,5429.29,941.512
"../instances/50/train/instance27_nreq50_nveh2_gamma41.txt",50,15,0,10,8445.59,965.541
"../instances/50/train/instance27_nreq50_nveh2_gamma41.txt",50,15,1,10,8514.86,912.869
"../instances/50/train/instance27_nreq50_nveh2_gamma41.txt",50,15,2,10,8183.67,897.786
"../instances/50/train/instance14_nreq50_nveh2_gamma45.txt",50,5,2,5,524.861,1326.37
"../instances/50/train/instance14_nreq50_nveh2_gamma45.txt",50,5,1,5,553.055,1309.1
"../instances/50/train/instance14_nreq50_nveh2_gamma45.txt",50,5,0,5,575.532,1364.68
"../instances/50/train/instance14_nreq50_nveh2_gamma45.txt",50,5,1,10,1009.27,1294.2
"../instances/50/train/instance14_nreq50_nveh2_gamma45.txt",50,5,2,10,1038.17,1324.19
"../instances/50/train/instance14_nreq50_nveh2_gamma45.txt",50,5,0,10,1117.71,1356.63
"../instances/50/train/instance14_nreq50_nveh2_gamma45.txt",50,10,2,5,2387.15,1195.13
"../instances/50/train/instance14_nreq50_nveh2_gamma45.txt",50,10,0,5,2455.02,1224.39
"../instances/50/train/instance14_nreq50_nveh2_gamma45.txt",50,10,1,5,2458.28,1203.45
"../instances/50/train/instance14_nreq50_nveh2_gamma45.txt",50,10,1,10,4005.89,1164.02
"../instances/50/train/instance14_nreq50_nveh2_gamma45.txt",50,15,1,5,4059.57,1211
"../instances/50/train/instance14_nreq50_nveh2_gamma45.txt",50,15,2,5,3636.41,1166.07
"../instances/50/train/instance14_nreq50_nveh2_gamma45.txt",50,10,0,10,4301.15,1247.58
"../instances/50/train/instance14_nreq50_nveh2_gamma45.txt",50,15,0,5,4324.47,1209.14
"../instances/50/train/instance14_nreq50_nveh2_gamma45.txt",50,10,2,10,4480.19,1182.42
"../instances/50/train/instance14_nreq50_nveh2_gamma45.txt",50,15,2,10,9085.63,1124.47
"../instances/50/train/instance14_nreq50_nveh2_gamma45.txt",50,15,0,10,10844.1,1268.33
"../instances/50/train/instance14_nreq50_nveh2_gamma45.txt",50,15,1,10,11254.5,1236.2
"../instances/100/train/instance21_nreq100_nveh2_gamma88.txt",100,5,2,5,1654.08,3381.64
"../instances/100/train/instance21_nreq100_nveh2_gamma88.txt",100,5,1,5,1819.36,3400.93
"../instances/100/train/instance21_nreq100_nveh2_gamma88.txt",100,5,0,5,1882.29,3495.63
"../instances/100/train/instance21_nreq100_nveh2_gamma88.txt",100,5,0,10,2781.74,3440.24
"../instances/100/train/instance21_nreq100_nveh2_gamma88.txt",100,5,1,10,3020.51,3407.86
"../instances/100/train/instance21_nreq100_nveh2_gamma88.txt",100,5,2,10,3108.82,3232.96
"../instances/100/train/instance21_nreq100_nveh2_gamma88.txt",100,10,0,5,6032.76,3307
"../instances/100/train/instance21_nreq100_nveh2_gamma88.txt",100,10,1,5,7428.81,3385.44
"../instances/100/train/instance21_nreq100_nveh2_gamma88.txt",100,10,2,5,8574.92,3318.62
"../instances/100/train/instance21_nreq100_nveh2_gamma88.txt",100,10,0,10,12121.2,3320.72
"../instances/100/train/instance21_nreq100_nveh2_gamma88.txt",100,10,2,10,12235.9,3287.48
"../instances/100/train/instance21_nreq100_nveh2_gamma88.txt",100,10,1,10,12772.7,3209.6
"../instances/100/train/instance21_nreq100_nveh2_gamma88.txt",100,15,0,5,13589.1,3281.36
"../instances/100/train/instance21_nreq100_nveh2_gamma88.txt",100,15,2,5,12049.8,3174.44
"../instances/100/train/instance21_nreq100_nveh2_gamma88.txt",100,15,1,5,17080.9,3146.78
"../instances/100/train/instance21_nreq100_nveh2_gamma88.txt",100,15,1,10,24733.1,3241.02
"../instances/100/train/instance21_nreq100_nveh2_gamma88.txt",100,15,0,10,26099.5,3222.58
"../instances/100/train/instance21_nreq100_nveh2_gamma88.txt",100,15,2,10,24327.5,3085.55
"../instances/100/train/instance5_nreq100_nveh2_gamma88.txt",100,5,1,5,1366.81,3306.59
"../instances/100/train/instance5_nreq100_nveh2_gamma88.txt",100,5,0,5,1536.73,3501.9
"../instances/100/train/instance5_nreq100_nveh2_gamma88.txt",100,5,2,5,1661,3337.73
"../instances/100/train/instance5_nreq100_nveh2_gamma88.txt",100,5,1,10,2750.86,3188.28
"../instances/100/train/instance5_nreq100_nveh2_gamma88.txt",100,5,2,10,3012.08,3226.49
"../instances/100/train/instance5_nreq100_nveh2_gamma88.txt",100,5,0,10,3869.56,3170.48
"../instances/100/train/instance5_nreq100_nveh2_gamma88.txt",100,10,0,5,5381.22,3405.54
"../instances/100/train/instance5_nreq100_nveh2_gamma88.txt",100,10,1,5,6408.78,3320.87
"../instances/100/train/instance5_nreq100_nveh2_gamma88.txt",100,10,2,5,7300.37,3052.43
"../instances/100/train/instance5_nreq100_nveh2_gamma88.txt",100,10,0,10,11621.1,3099.55
"../instances/100/train/instance5_nreq100_nveh2_gamma88.txt",100,15,0,5,12106.4,3395.97
"../instances/100/train/instance5_nreq100_nveh2_gamma88.txt",100,10,1,10,12993.5,3018.96
"../instances/100/train/instance5_nreq100_nveh2_gamma88.txt",100,15,1,5,13279.7,3115.74
"../instances/100/train/instance5_nreq100_nveh2_gamma88.txt",100,10,2,10,13957.3,3025.8
"../instances/100/train/instance5_nreq100_nveh2_gamma88.txt",100,15,2,5,16608,2999.51
"../instances/100/train/instance5_nreq100_nveh2_gamma88.txt",100,15,1,10,25150.9,3039.06
"../instances/100/train/instance5_nreq100_nveh2_gamma88.txt",100,15,2,10,25368.4,3023.27
"../instances/100/train/instance5_nreq100_nveh2_gamma88.txt",100,15,0,10,27758.6,2957.51
"../instances/100/train/instance19_nreq100_nveh2_gamma86.txt",100,5,0,5,1772.86,3484.83
"../instances/100/train/instance19_nreq100_nveh2_gamma86.txt",100,5,2,5,1791.78,3491.6
"../instances/100/train/instance19_nreq100_nveh2_gamma86.txt",100,5,1,5,1903.66,3409.99
"../instances/100/train/instance19_nreq100_nveh2_gamma86.txt",100,5,0,10,2752.8,3428.66
"../instances/100/train/instance19_nreq100_nveh2_gamma86.txt",100,5,2,10,3029.82,3373.16
"../instances/100/train/instance19_nreq100_nveh2_gamma86.txt",100,5,1,10,3264.08,3356.52
"../instances/100/train/instance19_nreq100_nveh2_gamma86.txt",100,10,0,5,6431.04,3158.79
"../instances/100/train/instance19_nreq100_nveh2_gamma86.txt",100,10,1,5,7118.21,3252.44
"../instances/100/train/instance19_nreq100_nveh2_gamma86.txt",100,10,2,5,7558.69,3277.95
"../instances/100/train/instance19_nreq100_nveh2_gamma86.txt",100,10,1,10,11142.7,3194.47
"../instances/100/train/instance19_nreq100_nveh2_gamma86.txt",100,10,0,10,12360.7,3360.57
"../instances/100/train/instance19_nreq100_nveh2_gamma86.txt",100,10,2,10,12398.1,3207.46
"../instances/100/train/instance19_nreq100_nveh2_gamma86.txt",100,15,2,5,13094.3,3115.93
"../instances/100/train/instance19_nreq100_nveh2_gamma86.txt",100,15,0,5,15618.8,3280.3
"../instances/100/train/instance19_nreq100_nveh2_gamma86.txt",100,15,1,5,18081.6,3072.92
"../instances/100/train/instance19_nreq100_nveh2_gamma86.txt",100,15,2,10,22673.2,2979.02
"../instances/100/train/instance19_nreq100_nveh2_gamma86.txt",100,15,0,10,30458.6,3094.55
"../instances/100/train/instance19_nreq100_nveh2_gamma86.txt",100,15,1,10,31220.1,3087.09
"../instances/100/train/instance4_nreq100_nveh2_gamma93.txt",100,5,2,5,1821.03,3765.81
"../instances/100/train/instance4_nreq100_nveh2_gamma93.txt",100,5,1,5,1919.81,3777.63
"../instances/100/train/instance4_nreq100_nveh2_gamma93.txt",100,5,0,5,1943.8,3979.66
"../instances/100/train/instance4_nreq100_nveh2_gamma93.txt",100,5,0,10,3246.49,3748.78
"../instances/100/train/instance4_nreq100_nveh2_gamma93.txt",100,5,2,10,3434.31,3763.11
"../instances/100/train/instance4_nreq100_nveh2_gamma93.txt",100,5,1,10,3709.46,3744.71
"../instances/100/train/instance4_nreq100_nveh2_gamma93.txt",100,10,0,5,7416.69,3723.92
"../instances/100/train/instance4_nreq100_nveh2_gamma93.txt",100,10,1,5,7720.47,3733.92
"../instances/100/train/instance4_nreq100_nveh2_gamma93.txt",100,10,2,5,7882.4,3592.59
"../instances/100/train/instance4_nreq100_nveh2_gamma93.txt",100,10,0,10,11586.9,3673.9
"../instances/100/train/instance4_nreq100_nveh2_gamma93.txt",100,10,2,10,13406.7,3633.25
"../instances/100/train/instance4_nreq100_nveh2_gamma93.txt",100,15,2,5,12557.4,3553.03
"../instances/100/train/instance4_nreq100_nveh2_gamma93.txt",100,15,1,5,14534.1,3656.46
"../instances/100/train/instance4_nreq100_nveh2_gamma93.txt",100,10,1,10,14919.9,3595.19
"../instances/100/train/instance4_nreq100_nveh2_gamma93.txt",100,15,0,5,16161.6,3553.6
"../instances/100/train/instance4_nreq100_nveh2_gamma93.txt",100,15,1,10,28685.2,3479.19
"../instances/100/train/instance4_nreq100_nveh2_gamma93.txt",100,15,0,10,28759.1,3531.89
"../instances/100/train/instance4_nreq100_nveh2_gamma93.txt",100,15,2,10,27628.3,3543.1
"../instances/100/train/instance20_nreq100_nveh2_gamma86.txt",100,5,1,5,1761.22,3184.77
"../instances/100/train/instance20_nreq100_nveh2_gamma86.txt",100,5,2,5,1823.45,3255.89
"../instances/100/train/instance20_nreq100_nveh2_gamma86.txt",100,5,0,5,1986.76,3271.9
"../instances/100/train/instance20_nreq100_nveh2_gamma86.txt",100,5,0,10,2943.24,3214.98
"../instances/100/train/instance20_nreq100_nveh2_gamma86.txt",100,5,1,10,3191.15,3214.98
"../instances/100/train/instance20_nreq100_nveh2_gamma86.txt",100,5,2,10,3275.15,3214.98
"../instances/100/train/instance20_nreq100_nveh2_gamma86.txt",100,10,1,5,7811.38,2983.73
"../instances/100/train/instance20_nreq100_nveh2_gamma86.txt",100,10,0,5,8006.62,3096.42
"../instances/100/train/instance20_nreq100_nveh2_gamma86.txt",100,10,2,5,8184.13,2972.08
"../instances/100/train/instance20_nreq100_nveh2_gamma86.txt",100,10,1,10,13794.7,2883.4
"../instances/100/train/instance20_nreq100_nveh2_gamma86.txt",100,10,2,10,14038,2890.01
"../instances/100/train/instance20_nreq100_nveh2_gamma86.txt",100,15,2,5,12568.7,2908.85
"../instances/100/train/instance20_nreq100_nveh2_gamma86.txt",100,10,0,10,16848.1,3005.78
"../instances/100/train/instance20_nreq100_nveh2_gamma86.txt",100,15,1,5,17262.5,2879.52
"../instances/100/train/instance20_nreq100_nveh2_gamma86.txt",100,15,0,5,18404.9,3081.72
"../instances/100/train/instance20_nreq100_nveh2_gamma86.txt",100,15,1,10,33743.3,2953.21
"../instances/100/train/instance20_nreq100_nveh2_gamma86.txt",100,15,2,10,32439,2879.48
"../instances/100/train/instance20_nreq100_nveh2_gamma86.txt",100,15,0,10,39410.2,3008.84
"../instances/200/train/instance2_nreq200_nveh4_gamma172.txt",200,5,1,5,3643.55,9367.64
"../instances/200/train/instance2_nreq200_nveh4_gamma172.txt",200,5,2,5,3796.5,9480.94
"../instances/200/train/instance2_nreq200_nveh4_gamma172.txt",200,5,0,5,3939.3,9466.23
"../instances/200/train/instance2_nreq200_nveh4_gamma172.txt",200,5,0,10,7773.43,8963.21
"../instances/200/train/instance2_nreq200_nveh4_gamma172.txt",200,5,1,10,7951.24,8963.21
"../instances/200/train/instance2_nreq200_nveh4_gamma172.txt",200,5,2,10,8019.09,8963.21
"../instances/200/train/instance2_nreq200_nveh4_gamma172.txt",200,10,2,5,15559.4,8980.66
"../instances/200/train/instance2_nreq200_nveh4_gamma172.txt",200,10,1,5,16927.7,8610.71
"../instances/200/train/instance2_nreq200_nveh4_gamma172.txt",200,10,0,5,17256.7,8662.97
"../instances/200/train/instance2_nreq200_nveh4_gamma172.txt",200,10,2,10,21796.2,8768.68
"../instances/200/train/instance2_nreq200_nveh4_gamma172.txt",200,10,0,10,25323.7,8661.01
"../instances/200/train/instance2_nreq200_nveh4_gamma172.txt",200,15,0,5,29284.2,8363.21
"../instances/200/train/instance2_nreq200_nveh4_gamma172.txt",200,10,1,10,30202.9,8607.68
"../instances/200/train/instance2_nreq200_nveh4_gamma172.txt",200,15,2,5,28403.7,8748.19
"../instances/200/train/instance2_nreq200_nveh4_gamma172.txt",200,15,1,5,34554.2,8590.18
"../instances/200/train/instance2_nreq200_nveh4_gamma172.txt",200,15,0,10,59990.7,8437.19
"../instances/200/train/instance2_nreq200_nveh4_gamma172.txt",200,15,1,10,61561.5,8495.64
"../instances/200/train/instance2_nreq200_nveh4_gamma172.txt",200,15,2,10,59102.4,8516.65
"../instances/200/train/instance6_nreq200_nveh4_gamma178.txt",200,5,1,5,4149.13,9943.27
"../instances/200/train/instance6_nreq200_nveh4_gamma178.txt",200,5,2,5,4532.66,9680.91
"../instances/200/train/instance6_nreq200_nveh4_gamma178.txt",200,5,0,5,4548.32,9805.79
"../instances/200/train/instance6_nreq200_nveh4_gamma178.txt",200,5,0,10,7437.23,9626.43
"../instances/200/train/instance6_nreq200_nveh4_gamma178.txt",200,5,2,10,7957.46,9675.47
"../instances/200/train/instance6_nreq200_nveh4_gamma178.txt",200,5,1,10,8564.45,9381.71
"../instances/200/train/instance6_nreq200_nveh4_gamma178.txt",200,10,0,5,14967.9,9053.31
"../instances/200/train/instance6_nreq200_nveh4_gamma178.txt",200,10,1,5,17869.2,8995.79
"../instances/200/train/instance6_nreq200_nveh4_gamma178.txt",200,10,2,5,19037.2,9387.58
"../instances/200/train/instance6_nreq200_nveh4_gamma178.txt",200,10,2,10,30174.2,9273.46
"../instances/200/train/instance6_nreq200_nveh4_gamma178.txt",200,10,0,10,32169.2,9036.1
"../instances/200/train/instance6_nreq200_nveh4_gamma178.txt",200,10,1,10,33124.2,8725.66
"../instances/200/train/instance6_nreq200_nveh4_gamma178.txt",200,15,1,5,36395.4,8866.47
"../instances/200/train/instance6_nreq200_nveh4_gamma178.txt",200,15,0,5,36646.7,8910.53
"../instances/200/train/instance6_nreq200_nveh4_gamma178.txt",200,15,2,5,33004.1,9338.12
"../instances/200/train/instance6_nreq200_nveh4_gamma178.txt",200,15,1,10,64050.8,8868.04
"../instances/200/train/instance6_nreq200_nveh4_gamma178.txt",200,15,0,10,69999.7,8809.55
"../instances/200/train/instance6_nreq200_nveh4_gamma178.txt",200,15,2,10,71090,8807
"../instances/200/train/instance14_nreq200_nveh4_gamma181.txt",200,5,1,5,2574.48,9619.92
"../instances/200/train/instance14_nreq200_nveh4_gamma181.txt",200,5,2,5,3891.03,10060.4
"../instances/200/train/instance14_nreq200_nveh4_gamma181.txt",200,5,0,5,4610.15,10070.3
"../instances/200/train/instance14_nreq200_nveh4_gamma181.txt",200,5,2,10,8053.16,9300.14
"../instances/200/train/instance14_nreq200_nveh4_gamma181.txt",200,5,1,10,8212.33,9550.14
"../instances/200/train/instance14_nreq200_nveh4_gamma181.txt",200,5,0,10,9184.93,9635.3
"../instances/200/train/instance14_nreq200_nveh4_gamma181.txt",200,10,0,5,12969.1,9245.93
"../instances/200/train/instance14_nreq200_nveh4_gamma181.txt",200,10,2,5,15886.6,9107.88
"../instances/200/train/instance14_nreq200_nveh4_gamma181.txt",200,10,1,5,19283,9069.51
"../instances/200/train/instance14_nreq200_nveh4_gamma181.txt",200,10,2,10,26333.4,8877.67
"../instances/200/train/instance14_nreq200_nveh4_gamma181.txt",200,10,1,10,27709,8955.33
"../instances/200/train/instance14_nreq200_nveh4_gamma181.txt",200,15,0,5,33196.9,9021.46
"../instances/200/train/instance14_nreq200_nveh4_gamma181.txt",200,15,2,5,31563.2,9081.53
"../instances/200/train/instance14_nreq200_nveh4_gamma181.txt",200,10,0,10,34524.7,8862.6
"../instances/200/train/instance14_nreq200_nveh4_gamma181.txt",200,15,1,5,34990.2,9221.47
"../instances/200/train/instance14_nreq200_nveh4_gamma181.txt",200,15,0,10,63368.8,8586.75
"../instances/200/train/instance14_nreq200_nveh4_gamma181.txt",200,15,1,10,63895.3,8702.38
"../instances/200/train/instance14_nreq200_nveh4_gamma181.txt",200,15,2,10,71627.2,8741.74
"../instances/200/train/instance28_nreq200_nveh4_gamma176.txt",200,5,0,5,2926.15,9376.68
"../instances/200/train/instance28_nreq200_nveh4_gamma176.txt",200,5,2,5,3650.19,9087.18
"../instances/200/train/instance28_nreq200_nveh4_gamma176.txt",200,5,1,5,3946.33,9180.39
"../instances/200/train/instance28_nreq200_nveh4_gamma176.txt",200,5,0,10,6722.61,9182.47
"../instances/200/train/instance28_nreq200_nveh4_gamma176.txt",200,5,2,10,7138.22,9061.64
"../instances/200/train/instance28_nreq200_nveh4_gamma176.txt",200,5,1,10,7776.96,8807.97
"../instances/200/train/instance28_nreq200_nveh4_gamma176.txt",200,10,1,5,13356.1,8828.28
"../instances/200/train/instance28_nreq200_nveh4_gamma176.txt",200,10,0,5,14601,8989.51
"../instances/200/train/instance28_nreq200_nveh4_gamma176.txt",200,10,2,5,16635.6,8747.41
"../instances/200/train/instance28_nreq200_nveh4_gamma176.txt",200,10,2,10,26511.3,8768.08
"../instances/200/train/instance28_nreq200_nveh4_gamma176.txt",200,10,1,10,26567.4,8204.27
"../instances/200/train/instance28_nreq200_nveh4_gamma176.txt",200,15,2,5,29384.1,8744.81
"../instances/200/train/instance28_nreq200_nveh4_gamma176.txt",200,10,0,10,32614.4,8527.56
"../instances/200/train/instance28_nreq200_nveh4_gamma176.txt",200,15,0,5,33590.2,8465.22
"../instances/200/train/instance28_nreq200_nveh4_gamma176.txt",200,15,1,5,34815.2,8624.92
"../instances/200/train/instance28_nreq200_nveh4_gamma176.txt",200,15,2,10,55268,8364.95
"../instances/200/train/instance28_nreq200_nveh4_gamma176.txt",200,15,0,10,60065.1,8245.61
"../instances/200/train/instance28_nreq200_nveh4_gamma176.txt",200,15,1,10,64523.6,8547.21
"../instances/200/train/instance23_nreq200_nveh4_gamma172.txt",200,5,0,5,3593.2,9016.36
"../instances/200/train/instance23_nreq200_nveh4_gamma172.txt",200,5,1,5,3747.69,9016.36
"../instances/200/train/instance23_nreq200_nveh4_gamma172.txt",200,5,2,5,4184.41,9016.36
"../instances/200/train/instance23_nreq200_nveh4_gamma172.txt",200,5,0,10,6976.41,9133.23
"../instances/200/train/instance23_nreq200_nveh4_gamma172.txt",200,5,1,10,7657,8795.24
"../instances/200/train/instance23_nreq200_nveh4_gamma172.txt",200,5,2,10,7692.78,9133.23
"../instances/200/train/instance23_nreq200_nveh4_gamma172.txt",200,10,2,5,13432,8723.44
"../instances/200/train/instance23_nreq200_nveh4_gamma172.txt",200,10,0,5,16384.8,8603.68
"../instances/200/train/instance23_nreq200_nveh4_gamma172.txt",200,10,1,5,23342,8713.79
"../instances/200/train/instance23_nreq200_nveh4_gamma172.txt",200,10,0,10,29846.5,8997.52
"../instances/200/train/instance23_nreq200_nveh4_gamma172.txt",200,10,2,10,31315.9,8833.64
"../instances/200/train/instance23_nreq200_nveh4_gamma172.txt",200,10,1,10,32358.3,8521.14
"../instances/200/train/instance23_nreq200_nveh4_gamma172.txt",200,15,2,5,28858.9,8888.18
"../instances/200/train/instance23_nreq200_nveh4_gamma172.txt",200,15,0,5,33541.5,8741.13
"../instances/200/train/instance23_nreq200_nveh4_gamma172.txt",200,15,1,5,37092.5,8531.5
"../instances/200/train/instance23_nreq200_nveh4_gamma172.txt",200,15,2,10,55233.8,8603.65
"../instances/200/train/instance23_nreq200_nveh4_gamma172.txt",200,15,1,10,61174.5,8287.65
"../instances/200/train/instance23_nreq200_nveh4_gamma172.txt",200,15,0,10,64351.8,8500.02
"../instances/500/train/instance19_nreq500_nveh10_gamma441.txt",500,5,1,5,9207.75,38251.7
"../instances/500/train/instance19_nreq500_nveh10_gamma441.txt",500,5,2,5,9578.82,38615.2
"../instances/500/train/instance19_nreq500_nveh10_gamma441.txt",500,5,0,5,10030.8,38882.3
"../instances/500/train/instance19_nreq500_nveh10_gamma441.txt",500,5,2,10,16850.3,37239.5
"../instances/500/train/instance19_nreq500_nveh10_gamma441.txt",500,5,0,10,17154.7,37782.7
"../instances/500/train/instance19_nreq500_nveh10_gamma441.txt",500,5,1,10,17600.2,37236.4
"../instances/500/train/instance19_nreq500_nveh10_gamma441.txt",500,10,0,5,35479.6,36850.2
"../instances/500/train/instance19_nreq500_nveh10_gamma441.txt",500,10,1,5,41433.1,37062.9
"../instances/500/train/instance19_nreq500_nveh10_gamma441.txt",500,10,2,5,42706.9,37311.8
"../instances/500/train/instance19_nreq500_nveh10_gamma441.txt",500,10,0,10,56520.5,37782.7
"../instances/500/train/instance19_nreq500_nveh10_gamma441.txt",500,10,1,10,60100.2,36202.3
"../instances/500/train/instance19_nreq500_nveh10_gamma441.txt",500,10,2,10,65017,36732.9
"../instances/500/train/instance19_nreq500_nveh10_gamma441.txt",500,15,2,5,66056.1,36977.4
"../instances/500/train/instance19_nreq500_nveh10_gamma441.txt",500,15,0,5,80540.2,36499
"../instances/500/train/instance19_nreq500_nveh10_gamma441.txt",500,15,1,5,98314.7,36834.6
"../instances/500/train/instance19_nreq500_nveh10_gamma441.txt",500,15,2,10,118073,36566
"../instances/500/train/instance19_nreq500_nveh10_gamma441.txt",500,15,0,10,133414,37083.6
"../instances/500/train/instance19_nreq500_nveh10_gamma441.txt",500,15,1,10,136443,35202.9
"../instances/500/train/instance18_nreq500_nveh10_gamma448.txt",500,5,1,5,8342.57,39404.6
"../instances/500/train/instance18_nreq500_nveh10_gamma448.txt",500,5,0,5,9407.99,39777.3
"../instances/500/train/instance18_nreq500_nveh10_gamma448.txt",500,5,2,5,10658.6,39546
"../instances/500/train/instance18_nreq500_nveh10_gamma448.txt",500,5,0,10,15448.3,38311
"../instances/500/train/instance18_nreq500_nveh10_gamma448.txt",500,5,1,10,17503.6,38311
"../instances/500/train/instance18_nreq500_nveh10_gamma448.txt",500,5,2,10,18060.3,38311
"../instances/500/train/instance18_nreq500_nveh10_gamma448.txt",500,10,0,5,35262.6,36782.4
"../instances/500/train/instance18_nreq500_nveh10_gamma448.txt",500,10,2,5,42312.9,38749.8
"../instances/500/train/instance18_nreq500_nveh10_gamma448.txt",500,10,1,5,49649.1,37690
"../instances/500/train/instance18_nreq500_nveh10_gamma448.txt",500,10,2,10,71050.1,37600
"../instances/500/train/instance18_nreq500_nveh10_gamma448.txt",500,10,1,10,76776.2,36973.1
"../instances/500/train/instance18_nreq500_nveh10_gamma448.txt",500,10,0,10,77803.2,37362.1
"../instances/500/train/instance18_nreq500_nveh10_gamma448.txt",500,15,2,5,73897,38290.6
"../instances/500/train/instance18_nreq500_nveh10_gamma448.txt",500,15,0,5,89613.5,37267.9
"../instances/500/train/instance18_nreq500_nveh10_gamma448.txt",500,15,1,5,92445.4,37039.2
"../instances/500/train/instance18_nreq500_nveh10_gamma448.txt",500,15,2,10,124673,37152.2
"../instances/500/train/instance18_nreq500_nveh10_gamma448.txt",500,15,1,10,134102,37017.4
"../instances/500/train/instance18_nreq500_nveh10_gamma448.txt",500,15,0,10,161478,36082.3
"../instances/500/train/instance16_nreq500_nveh10_gamma443.txt",500,5,2,5,9252.01,38654.3
"../instances/500/train/instance16_nreq500_nveh10_gamma443.txt",500,5,1,5,9583.21,38654.3
"../instances/500/train/instance16_nreq500_nveh10_gamma443.txt",500,5,0,5,9620.92,37982.4
"../instances/500/train/instance16_nreq500_nveh10_gamma443.txt",500,5,0,10,16500.1,36918.9
"../instances/500/train/instance16_nreq500_nveh10_gamma443.txt",500,5,2,10,20380.7,37527.5
"../instances/500/train/instance16_nreq500_nveh10_gamma443.txt",500,5,1,10,21590.6,36143.2
"../instances/500/train/instance16_nreq500_nveh10_gamma443.txt",500,10,2,5,34233.8,37503.3
"../instances/500/train/instance16_nreq500_nveh10_gamma443.txt",500,10,0,5,43105.4,36392.7
"../instances/500/train/instance16_nreq500_nveh10_gamma443.txt",500,10,1,5,58752.1,37203.6
"../instances/500/train/instance16_nreq500_nveh10_gamma443.txt",500,10,2,10,73018,35978.2
"../instances/500/train/instance16_nreq500_nveh10_gamma443.txt",500,10,0,10,79286.2,35051.9
"../instances/500/train/instance16_nreq500_nveh10_gamma443.txt",500,10,1,10,80163.3,36266.4
"../instances/500/train/instance16_nreq500_nveh10_gamma443.txt",500,15,2,5,88205.3,36283.8
"../instances/500/train/instance16_nreq500_nveh10_gamma443.txt",500,15,0,5,99528.2,35420.5
"../instances/500/train/instance16_nreq500_nveh10_gamma443.txt",500,15,1,5,114452,35640.3
"../instances/500/train/instance16_nreq500_nveh10_gamma443.txt",500,15,1,10,185227,35771.7
"../instances/500/train/instance16_nreq500_nveh10_gamma443.txt",500,15,2,10,177352,35778.4
"../instances/500/train/instance16_nreq500_nveh10_gamma443.txt",500,15,0,10,192587,35412.6
"../instances/500/train/instance27_nreq500_nveh10_gamma452.txt",500,5,1,5,10475.4,37995.9
"../instances/500/train/instance27_nreq500_nveh10_gamma452.txt",500,5,2,5,11158.3,37995.9
"../instances/500/train/instance27_nreq500_nveh10_gamma452.txt",500,5,0,5,11683.3,37995.9
"../instances/500/train/instance27_nreq500_nveh10_gamma452.txt",500,5,2,10,18960.6,37700.6
"../instances/500/train/instance27_nreq500_nveh10_gamma452.txt",500,5,1,10,22160,37700.6
"../instances/500/train/instance27_nreq500_nveh10_gamma452.txt",500,5,0,10,22406.5,37700.6
"../instances/500/train/instance27_nreq500_nveh10_gamma452.txt",500,10,1,5,41898.7,37995.9
"../instances/500/train/instance27_nreq500_nveh10_gamma452.txt",500,10,2,5,48019.8,37995.9
"../instances/500/train/instance27_nreq500_nveh10_gamma452.txt",500,10,0,5,48784.9,36724.2
"../instances/500/train/instance27_nreq500_nveh10_gamma452.txt",500,10,0,10,73785.4,35962
"../instances/500/train/instance27_nreq500_nveh10_gamma452.txt",500,10,1,10,77633.9,36589.8
"../instances/500/train/instance27_nreq500_nveh10_gamma452.txt",500,10,2,10,81865.3,36836.3
"../instances/500/train/instance27_nreq500_nveh10_gamma452.txt",500,15,2,5,78410.1,37456
"../instances/500/train/instance27_nreq500_nveh10_gamma452.txt",500,15,0,5,93281.6,36590.3
"../instances/500/train/instance27_nreq500_nveh10_gamma452.txt",500,15,1,5,118412,37408.2
"../instances/500/train/instance27_nreq500_nveh10_gamma452.txt",500,15,1,10,177293,36823.4
"../instances/500/train/instance27_nreq500_nveh10_gamma452.txt",500,15,2,10,174361,36211.3
"../instances/500/train/instance27_nreq500_nveh10_gamma452.txt",500,15,0,10,191076,35098.3
"../instances/500/train/instance2_nreq500_nveh10_gamma463.txt",500,5,1,5,9663.64,40181.9
"../instances/500/train/instance2_nreq500_nveh10_gamma463.txt",500,5,2,5,10008.2,40181.9
"../instances/500/train/instance2_nreq500_nveh10_gamma463.txt",500,5,0,5,10214.9,40181.9
"../instances/500/train/instance2_nreq500_nveh10_gamma463.txt",500,5,2,10,19895.6,39067.4
"../instances/500/train/instance2_nreq500_nveh10_gamma463.txt",500,5,1,10,20790.1,39067.4
"../instances/500/train/instance2_nreq500_nveh10_gamma463.txt",500,5,0,10,22207,39067.4
"../instances/500/train/instance2_nreq500_nveh10_gamma463.txt",500,10,0,5,40059.2,40145
"../instances/500/train/instance2_nreq500_nveh10_gamma463.txt",500,10,2,5,45927.5,40181.9
"../instances/500/train/instance2_nreq500_nveh10_gamma463.txt",500,10,1,5,50113.7,39500.9
"../instances/500/train/instance2_nreq500_nveh10_gamma463.txt",500,10,1,10,69293.7,39013.9
"../instances/500/train/instance2_nreq500_nveh10_gamma463.txt",500,10,2,10,78633.2,38975.9
"../instances/500/train/instance2_nreq500_nveh10_gamma463.txt",500,10,0,10,87014.2,39067.4
"../instances/500/train/instance2_nreq500_nveh10_gamma463.txt",500,15,2,5,90194.5,39010
"../instances/500/train/instance2_nreq500_nveh10_gamma463.txt",500,15,1,5,115394,39745.6
"../instances/500/train/instance2_nreq500_nveh10_gamma463.txt",500,15,0,5,116944,37908.8
"../instances/500/train/instance2_nreq500_nveh10_gamma463.txt",500,15,2,10,182698,38649.9
"../instances/500/train/instance2_nreq500_nveh10_gamma463.txt",500,15,0,10,199452,37590.3
"../instances/500/train/instance2_nreq500_nveh10_gamma463.txt",500,15,1,10,210381,38186.8
"../instances/1000/train/instance27_nreq1000_nveh20_gamma862.txt",1000,5,1,5,20002.2,105803
"../instances/1000/train/instance27_nreq1000_nveh20_gamma862.txt",1000,5,2,5,21864,105803
"../instances/1000/train/instance27_nreq1000_nveh20_gamma862.txt",1000,5,0,5,22433.6,105803
"../instances/1000/train/instance27_nreq1000_nveh20_gamma862.txt",1000,5,1,10,32204.8,100134
"../instances/1000/train/instance27_nreq1000_nveh20_gamma862.txt",1000,5,2,10,34823.6,100134
"../instances/1000/train/instance27_nreq1000_nveh20_gamma862.txt",1000,5,0,10,35159.4,100134
"../instances/1000/train/instance27_nreq1000_nveh20_gamma862.txt",1000,10,0,5,97765.5,102380
"../instances/1000/train/instance27_nreq1000_nveh20_gamma862.txt",1000,10,2,5,114755,102569
"../instances/1000/train/instance27_nreq1000_nveh20_gamma862.txt",1000,10,1,5,116038,101598
"../instances/1000/train/instance27_nreq1000_nveh20_gamma862.txt",1000,10,1,10,199750,100042
"../instances/1000/train/instance27_nreq1000_nveh20_gamma862.txt",1000,10,0,10,206041,99058
"../instances/1000/train/instance27_nreq1000_nveh20_gamma862.txt",1000,15,1,5,215584,100878
"../instances/1000/train/instance27_nreq1000_nveh20_gamma862.txt",1000,10,2,10,226509,99096.9
"../instances/1000/train/instance27_nreq1000_nveh20_gamma862.txt",1000,15,0,5,237092,100141
"../instances/1000/train/instance27_nreq1000_nveh20_gamma862.txt",1000,15,2,5,222588,100860
"../instances/1000/train/instance27_nreq1000_nveh20_gamma862.txt",1000,15,0,10,395996,97952
"../instances/1000/train/instance27_nreq1000_nveh20_gamma862.txt",1000,15,1,10,415123,97685.5
"../instances/1000/train/instance27_nreq1000_nveh20_gamma862.txt",1000,15,2,10,443295,100027
"../instances/1000/train/instance19_nreq1000_nveh20_gamma926.txt",1000,5,2,5,24053.7,113655
"../instances/1000/train/instance19_nreq1000_nveh20_gamma926.txt",1000,5,1,5,24445.4,113655
"../instances/1000/train/instance19_nreq1000_nveh20_gamma926.txt",1000,5,0,5,25373,113655
"../instances/1000/train/instance19_nreq1000_nveh20_gamma926.txt",1000,5,0,10,39833.8,108957
"../instances/1000/train/instance19_nreq1000_nveh20_gamma926.txt",1000,5,1,10,43416.6,108957
"../instances/1000/train/instance19_nreq1000_nveh20_gamma926.txt",1000,5,2,10,46340,108957
"../instances/1000/train/instance19_nreq1000_nveh20_gamma926.txt",1000,10,0,5,87559,111243
"../instances/1000/train/instance19_nreq1000_nveh20_gamma926.txt",1000,10,2,5,107089,113655
"../instances/1000/train/instance19_nreq1000_nveh20_gamma926.txt",1000,10,1,5,112070,112753
"../instances/1000/train/instance19_nreq1000_nveh20_gamma926.txt",1000,10,0,10,164811,107160
"../instances/1000/train/instance19_nreq1000_nveh20_gamma926.txt",1000,10,2,10,170547,108957
"../instances/1000/train/instance19_nreq1000_nveh20_gamma926.txt",1000,15,2,5,179990,112067
"../instances/1000/train/instance19_nreq1000_nveh20_gamma926.txt",1000,15,1,5,205725,111382
"../instances/1000/train/instance19_nreq1000_nveh20_gamma926.txt",1000,15,0,5,207518,110622
"../instances/1000/train/instance19_nreq1000_nveh20_gamma926.txt",1000,10,1,10,216619,108957
"../instances/1000/train/instance19_nreq1000_nveh20_gamma926.txt",1000,15,0,10,365584,108957
"../instances/1000/train/instance19_nreq1000_nveh20_gamma926.txt",1000,15,2,10,395114,108158
"../instances/1000/train/instance19_nreq1000_nveh20_gamma926.txt",1000,15,1,10,427683,107842
"../instances/1000/train/instance28_nreq1000_nveh20_gamma919.txt",1000,5,0,5,21248.1,112558
"../instances/1000/train/instance28_nreq1000_nveh20_gamma919.txt",1000,5,2,5,21272.5,112558
"../instances/1000/train/instance28_nreq1000_nveh20_gamma919.txt",1000,5,1,5,22421.7,112558
"../instances/1000/train/instance28_nreq1000_nveh20_gamma919.txt",1000,5,1,10,38786.9,107888
"../instances/1000/train/instance28_nreq1000_nveh20_gamma919.txt",1000,5,0,10,46432.4,108915
"../instances/1000/train/instance28_nreq1000_nveh20_gamma919.txt",1000,5,2,10,46574.8,108915
"../instances/1000/train/instance28_nreq1000_nveh20_gamma919.txt",1000,10,2,5,102778,110791
"../instances/1000/train/instance28_nreq1000_nveh20_gamma919.txt",1000,10,0,5,107043,109926
"../instances/1000/train/instance28_nreq1000_nveh20_gamma919.txt",1000,10,1,5,131422,110933
"../instances/1000/train/instance28_nreq1000_nveh20_gamma919.txt",1000,10,2,10,183434,108915
"../instances/1000/train/instance28_nreq1000_nveh20_gamma919.txt",1000,10,1,10,226540,105299
"../instances/1000/train/instance28_nreq1000_nveh20_gamma919.txt",1000,10,0,10,234901,103935
"../instances/1000/train/instance28_nreq1000_nveh20_gamma919.txt",1000,15,2,5,219006,108660
"../instances/1000/train/instance28_nreq1000_nveh20_gamma919.txt",1000,15,0,5,245453,108088
"../instances/1000/train/instance28_nreq1000_nveh20_gamma919.txt",1000,15,1,5,246355,108642
"../instances/1000/train/instance28_nreq1000_nveh20_gamma919.txt",1000,15,2,10,432296,105708
"../instances/1000/train/instance28_nreq1000_nveh20_gamma919.txt",1000,15,1,10,461964,105541
"../instances/1000/train/instance28_nreq1000_nveh20_gamma919.txt",1000,15,0,10,483982,105299
"../instances/1000/train/instance23_nreq1000_nveh20_gamma902.txt",1000,5,2,5,18659,111014
"../instances/1000/train/instance23_nreq1000_nveh20_gamma902.txt",1000,5,0,5,19284.4,111014
"../instances/1000/train/instance23_nreq1000_nveh20_gamma902.txt",1000,5,1,5,19715.1,110941
"../instances/1000/train/instance23_nreq1000_nveh20_gamma902.txt",1000,5,1,10,37222.8,104945
"../instances/1000/train/instance23_nreq1000_nveh20_gamma902.txt",1000,5,2,10,37224.5,104945
"../instances/1000/train/instance23_nreq1000_nveh20_gamma902.txt",1000,5,0,10,41342,104945
"../instances/1000/train/instance23_nreq1000_nveh20_gamma902.txt",1000,10,1,5,89029.1,106592
"../instances/1000/train/instance23_nreq1000_nveh20_gamma902.txt",1000,10,2,5,97508.6,108959
"../instances/1000/train/instance23_nreq1000_nveh20_gamma902.txt",1000,10,0,5,100118,107842
"../instances/1000/train/instance23_nreq1000_nveh20_gamma902.txt",1000,10,0,10,139978,104945
"../instances/1000/train/instance23_nreq1000_nveh20_gamma902.txt",1000,10,2,10,173025,104945
"../instances/1000/train/instance23_nreq1000_nveh20_gamma902.txt",1000,15,1,5,201526,107843
"../instances/1000/train/instance23_nreq1000_nveh20_gamma902.txt",1000,10,1,10,207919,104539
"../instances/1000/train/instance23_nreq1000_nveh20_gamma902.txt",1000,15,2,5,190257,107322
"../instances/1000/train/instance23_nreq1000_nveh20_gamma902.txt",1000,15,0,5,222328,109457
"../instances/1000/train/instance23_nreq1000_nveh20_gamma902.txt",1000,15,1,10,368047,104635
"../instances/1000/train/instance23_nreq1000_nveh20_gamma902.txt",1000,15,2,10,364661,104857
"../instances/1000/train/instance23_nreq1000_nveh20_gamma902.txt",1000,15,0,10,386932,103367
"../instances/1000/train/instance1_nreq1000_nveh20_gamma890.txt",1000,5,0,5,20841.8,111480
"../instances/1000/train/instance1_nreq1000_nveh20_gamma890.txt",1000,5,1,5,21706.2,111480
"../instances/1000/train/instance1_nreq1000_nveh20_gamma890.txt",1000,5,2,5,21846.8,111480
"../instances/1000/train/instance1_nreq1000_nveh20_gamma890.txt",1000,5,2,10,35061.8,110082
"../instances/1000/train/instance1_nreq1000_nveh20_gamma890.txt",1000,5,0,10,39048.1,110082
"../instances/1000/train/instance1_nreq1000_nveh20_gamma890.txt",1000,5,1,10,40328.8,110082
"../instances/1000/train/instance1_nreq1000_nveh20_gamma890.txt",1000,10,1,5,91970.8,110285
"../instances/1000/train/instance1_nreq1000_nveh20_gamma890.txt",1000,10,0,5,95007.9,108500
"../instances/1000/train/instance1_nreq1000_nveh20_gamma890.txt",1000,10,2,5,109144,109609
"../instances/1000/train/instance1_nreq1000_nveh20_gamma890.txt",1000,10,1,10,155343,107372
"../instances/1000/train/instance1_nreq1000_nveh20_gamma890.txt",1000,10,2,10,166426,108573
"../instances/1000/train/instance1_nreq1000_nveh20_gamma890.txt",1000,10,0,10,182448,105004
"../instances/1000/train/instance1_nreq1000_nveh20_gamma890.txt",1000,15,2,5,177030,110172
"../instances/1000/train/instance1_nreq1000_nveh20_gamma890.txt",1000,15,1,5,218064,109435
"../instances/1000/train/instance1_nreq1000_nveh20_gamma890.txt",1000,15,0,5,222122,107775
"../instances/1000/train/instance1_nreq1000_nveh20_gamma890.txt",1000,15,2,10,347604,106566
"../instances/1000/train/instance1_nreq1000_nveh20_gamma890.txt",1000,15,0,10,401373,105587
"../instances/1000/train/instance1_nreq1000_nveh20_gamma890.txt",1000,15,1,10,409528,104575
"../instances/2000/train/instance2_nreq2000_nveh40_gamma1768.txt",2000,5,2,5,46643.7,301015
"../instances/2000/train/instance2_nreq2000_nveh40_gamma1768.txt",2000,5,0,5,49038.1,301015
"../instances/2000/train/instance2_nreq2000_nveh40_gamma1768.txt",2000,5,1,5,49486.1,301015
"../instances/2000/train/instance2_nreq2000_nveh40_gamma1768.txt",2000,5,2,10,76532.7,293519
"../instances/2000/train/instance2_nreq2000_nveh40_gamma1768.txt",2000,5,1,10,80761.6,293519
"../instances/2000/train/instance2_nreq2000_nveh40_gamma1768.txt",2000,5,0,10,93366.5,293519
"../instances/2000/train/instance2_nreq2000_nveh40_gamma1768.txt",2000,10,0,5,195333,300004
"../instances/2000/train/instance2_nreq2000_nveh40_gamma1768.txt",2000,10,2,5,239679,301015
"../instances/2000/train/instance2_nreq2000_nveh40_gamma1768.txt",2000,10,1,5,279676,297919
"../instances/2000/train/instance2_nreq2000_nveh40_gamma1768.txt",2000,10,0,10,391540,285711
"../instances/2000/train/instance2_nreq2000_nveh40_gamma1768.txt",2000,10,2,10,401999,293519
"../instances/2000/train/instance2_nreq2000_nveh40_gamma1768.txt",2000,10,1,10,432836,290107
"../instances/2000/train/instance2_nreq2000_nveh40_gamma1768.txt",2000,15,2,5,413102,300872
"../instances/2000/train/instance2_nreq2000_nveh40_gamma1768.txt",2000,15,1,5,485301,301015
"../instances/2000/train/instance2_nreq2000_nveh40_gamma1768.txt",2000,15,0,5,561641,298083
"../instances/2000/train/instance2_nreq2000_nveh40_gamma1768.txt",2000,15,2,10,834691,290281
"../instances/2000/train/instance2_nreq2000_nveh40_gamma1768.txt",2000,15,1,10,915168,289848
"../instances/2000/train/instance2_nreq2000_nveh40_gamma1768.txt",2000,15,0,10,927701,288760
"../instances/2000/train/instance8_nreq2000_nveh40_gamma1753.txt",2000,5,0,5,44361.7,303250
"../instances/2000/train/instance8_nreq2000_nveh40_gamma1753.txt",2000,5,1,5,45288.7,303250
"../instances/2000/train/instance8_nreq2000_nveh40_gamma1753.txt",2000,5,2,5,45744.7,303250
"../instances/2000/train/instance8_nreq2000_nveh40_gamma1753.txt",2000,5,0,10,70932.5,296908
"../instances/2000/train/instance8_nreq2000_nveh40_gamma1753.txt",2000,5,1,10,78247.6,296908
"../instances/2000/train/instance8_nreq2000_nveh40_gamma1753.txt",2000,5,2,10,84080.8,296908
"../instances/2000/train/instance8_nreq2000_nveh40_gamma1753.txt",2000,10,1,5,268259,300260
"../instances/2000/train/instance8_nreq2000_nveh40_gamma1753.txt",2000,10,0,5,273108,294516
"../instances/2000/train/instance8_nreq2000_nveh40_gamma1753.txt",2000,10,2,5,276103,301593
"../instances/2000/train/instance8_nreq2000_nveh40_gamma1753.txt",2000,10,2,10,426615,290177
"../instances/2000/train/instance8_nreq2000_nveh40_gamma1753.txt",2000,10,1,10,433925,291418
"../instances/2000/train/instance8_nreq2000_nveh40_gamma1753.txt",2000,10,0,10,439118,290677
"../instances/2000/train/instance8_nreq2000_nveh40_gamma1753.txt",2000,15,0,5,469014,294579
"../instances/2000/train/instance8_nreq2000_nveh40_gamma1753.txt",2000,15,2,5,512459,298694
"../instances/2000/train/instance8_nreq2000_nveh40_gamma1753.txt",2000,15,1,5,569133,294942
"../instances/2000/train/instance8_nreq2000_nveh40_gamma1753.txt",2000,15,0,10,884827,286553
"../instances/2000/train/instance8_nreq2000_nveh40_gamma1753.txt",2000,15,2,10,849863,289401
"../instances/2000/train/instance8_nreq2000_nveh40_gamma1753.txt",2000,15,1,10,929280,287345
"../instances/2000/train/instance28_nreq2000_nveh40_gamma1833.txt",2000,5,1,5,43097.4,316166
"../instances/2000/train/instance28_nreq2000_nveh40_gamma1833.txt",2000,5,2,5,46823.4,316166
"../instances/2000/train/instance28_nreq2000_nveh40_gamma1833.txt",2000,5,0,5,50553.3,316166
"../instances/2000/train/instance28_nreq2000_nveh40_gamma1833.txt",2000,5,2,10,69471.6,306434
"../instances/2000/train/instance28_nreq2000_nveh40_gamma1833.txt",2000,5,0,10,73220.9,306434
"../instances/2000/train/instance28_nreq2000_nveh40_gamma1833.txt",2000,5,1,10,80836.7,306434
"../instances/2000/train/instance28_nreq2000_nveh40_gamma1833.txt",2000,10,2,5,220581,316123
"../instances/2000/train/instance28_nreq2000_nveh40_gamma1833.txt",2000,10,1,5,261509,312301
"../instances/2000/train/instance28_nreq2000_nveh40_gamma1833.txt",2000,10,0,5,292935,310586
"../instances/2000/train/instance28_nreq2000_nveh40_gamma1833.txt",2000,10,0,10,445388,301133
"../instances/2000/train/instance28_nreq2000_nveh40_gamma1833.txt",2000,10,1,10,459713,306434
"../instances/2000/train/instance28_nreq2000_nveh40_gamma1833.txt",2000,15,1,5,462672,314604
"../instances/2000/train/instance28_nreq2000_nveh40_gamma1833.txt",2000,10,2,10,470492,306434
"../instances/2000/train/instance28_nreq2000_nveh40_gamma1833.txt",2000,15,2,5,474477,312943
"../instances/2000/train/instance28_nreq2000_nveh40_gamma1833.txt",2000,15,0,5,599998,312362
"../instances/2000/train/instance28_nreq2000_nveh40_gamma1833.txt",2000,15,2,10,886357,306434
"../instances/2000/train/instance28_nreq2000_nveh40_gamma1833.txt",2000,15,1,10,963849,303465
"../instances/2000/train/instance28_nreq2000_nveh40_gamma1833.txt",2000,15,0,10,1.03854e+06,301670
"../instances/2000/train/instance26_nreq2000_nveh40_gamma1756.txt",2000,5,0,5,37769.4,303056
"../instances/2000/train/instance26_nreq2000_nveh40_gamma1756.txt",2000,5,2,5,39422.5,303056
"../instances/2000/train/instance26_nreq2000_nveh40_gamma1756.txt",2000,5,1,5,41765.5,303056
"../instances/2000/train/instance26_nreq2000_nveh40_gamma1756.txt",2000,5,1,10,73021.9,292423
"../instances/2000/train/instance26_nreq2000_nveh40_gamma1756.txt",2000,5,0,10,73415.6,292423
"../instances/2000/train/instance26_nreq2000_nveh40_gamma1756.txt",2000,5,2,10,86117.5,292423
"../instances/2000/train/instance26_nreq2000_nveh40_gamma1756.txt",2000,10,0,5,178218,300927
"../instances/2000/train/instance26_nreq2000_nveh40_gamma1756.txt",2000,10,1,5,221119,303056
"../instances/2000/train/instance26_nreq2000_nveh40_gamma1756.txt",2000,10,2,5,252105,303056
"../instances/2000/train/instance26_nreq2000_nveh40_gamma1756.txt",2000,10,0,10,350527,292383
"../instances/2000/train/instance26_nreq2000_nveh40_gamma1756.txt",2000,10,1,10,380211,292423
"../instances/2000/train/instance26_nreq2000_nveh40_gamma1756.txt",2000,10,2,10,399622,292423
"../instances/2000/train/instance26_nreq2000_nveh40_gamma1756.txt",2000,15,2,5,419604,300416
"../instances/2000/train/instance26_nreq2000_nveh40_gamma1756.txt",2000,15,1,5,460778,302606
"../instances/2000/train/instance26_nreq2000_nveh40_gamma1756.txt",2000,15,0,5,537453,298462
"../instances/2000/train/instance26_nreq2000_nveh40_gamma1756.txt",2000,15,2,10,771685,292423
"../instances/2000/train/instance26_nreq2000_nveh40_gamma1756.txt",2000,15,1,10,834193,292423
"../instances/2000/train/instance26_nreq2000_nveh40_gamma1756.txt",2000,15,0,10,872792,290626
"../instances/2000/train/instance1_nreq2000_nveh40_gamma1871.txt",2000,5,2,5,41949.7,334873
"../instances/2000/train/instance1_nreq2000_nveh40_gamma1871.txt",2000,5,1,5,44001.2,334873
"../instances/2000/train/instance1_nreq2000_nveh40_gamma1871.txt",2000,5,0,5,46228.5,334873
"../instances/2000/train/instance1_nreq2000_nveh40_gamma1871.txt",2000,5,2,10,78332.1,324591
"../instances/2000/train/instance1_nreq2000_nveh40_gamma1871.txt",2000,5,0,10,96401.4,324591
"../instances/2000/train/instance1_nreq2000_nveh40_gamma1871.txt",2000,5,1,10,96794.9,324591
"../instances/2000/train/instance1_nreq2000_nveh40_gamma1871.txt",2000,10,0,5,262918,330117
"../instances/2000/train/instance1_nreq2000_nveh40_gamma1871.txt",2000,10,1,5,277849,331557
"../instances/2000/train/instance1_nreq2000_nveh40_gamma1871.txt",2000,10,2,5,289400,328009
"../instances/2000/train/instance1_nreq2000_nveh40_gamma1871.txt",2000,10,2,10,447773,320167
"../instances/2000/train/instance1_nreq2000_nveh40_gamma1871.txt",2000,10,1,10,462548,324108
"../instances/2000/train/instance1_nreq2000_nveh40_gamma1871.txt",2000,10,0,10,464670,317971
"../instances/2000/train/instance1_nreq2000_nveh40_gamma1871.txt",2000,15,1,5,518758,325128
"../instances/2000/train/instance1_nreq2000_nveh40_gamma1871.txt",2000,15,0,5,596340,326732
"../instances/2000/train/instance1_nreq2000_nveh40_gamma1871.txt",2000,15,2,5,581570,329073
"../instances/2000/train/instance1_nreq2000_nveh40_gamma1871.txt",2000,15,1,10,900880,318667
"../instances/2000/train/instance1_nreq2000_nveh40_gamma1871.txt",2000,15,2,10,895679,320342
"../instances/2000/train/instance1_nreq2000_nveh40_gamma1871.txt",2000,15,0,10,951078,321010
